year,gp,event_idx,driver,team,event_delta_pick,event_se_pick,w_invvar,w_recency,w_sample,event_weight,race_n,quali_k,events_ago,days_ago,event_delta_s,event_delta_s_shrunk,event_se_s,event_wR_eff,event_wQ_eff,track_type,downforce_index,drs_zones,speed_bias,overtaking_difficulty
2025,Australian Grand Prix,0,ALB,Williams,0.0276246945796108,0.1495900782399742,44.68836045173818,0.3996373778857418,2.5,44.647847982363814,2.0,1.0,11,,0.0072136271548019,0.0276246945796108,0.1495900782399742,0.9421882316093808,0.0578117683906192,,,,,
2025,Australian Grand Prix,0,ALO,Aston Martin,0.0838731154034397,1.2787072717245322,0.6115862744241841,0.3996373778857418,2.0,0.4888254701235813,,1.0,11,,0.0,0.0838731154034397,1.2787072717245322,0.0,1.0,,,,,
2025,Australian Grand Prix,0,ANT,Mercedes,0.0118180356468958,0.1910598364622885,27.394362393997515,0.3996373778857418,2.5,27.369527889972346,2.0,1.0,11,,0.000980184094918,0.0118180356468958,0.1910598364622885,0.9994634768214798,0.0005365231785201,,,,,
2025,Australian Grand Prix,0,BEA,Haas F1 Team,0.0472231086249622,0.4282499999999842,5.452620307807634,0.3996373778857418,0.5,1.0895354412093945,2.0,,11,,0.0,0.0472231086249622,0.4282499999999842,1.0,0.0,,,,,
2025,Australian Grand Prix,0,BOR,Kick Sauber,0.0618884795739107,0.7065938290005077,2.002904856249476,0.3996373778857418,2.5,2.0010891122653978,2.0,1.0,11,,-5.251745424306837e-15,0.0618884795739107,0.7065938290005077,0.7391174604985306,0.2608825395014694,,,,,
2025,Australian Grand Prix,0,DOO,Alpine,0.0948105464904003,6.730435336292164,0.02207565955583985,0.3996373778857418,2.0,0.017644517399988315,,1.0,11,,0.0,0.0948105464904003,6.730435336292164,0.0,1.0,,,,,
2025,Australian Grand Prix,0,GAS,Alpine,0.0704177154393807,0.3020955384291654,10.957497426440174,0.3996373778857418,2.5,10.947563849230786,2.0,1.0,11,,0.0257040725974685,0.0704177154393807,0.3020955384291654,0.7445207997867096,0.2554792002132903,,,,,
2025,Australian Grand Prix,0,HAD,Racing Bulls,0.1063192742754049,1.096843871064372,0.8312092629204564,0.3996373778857418,2.0,0.6643645806157427,,1.0,11,,0.0,0.1063192742754049,1.096843871064372,0.0,1.0,,,,,
2025,Australian Grand Prix,0,HAM,Ferrari,0.1607078122190538,0.5329173830558782,3.521115141340593,0.3996373778857418,2.75,3.8697153613776285,3.0,1.0,11,,0.3478207696888971,0.1607078122190538,0.5329173830558782,0.2335338241510414,0.7664661758489586,,,,,
2025,Australian Grand Prix,0,HUL,Kick Sauber,0.0004315443512701,0.0036105844132054,76708.76558471084,0.3996373778857418,2.5,76639.22484781468,2.0,1.0,11,,0.0004139049663782,0.0004315443512701,0.0036105844132054,0.999708311655658,0.000291688344342,,,,,
2025,Australian Grand Prix,0,LAW,Red Bull Racing,9.86399269270466e-06,0.0009999989979561,1000002.0040908124,0.3996373778857418,2.75,1099004.9916871823,3.0,1.0,11,,9.493262053476746e-21,9.86399269270466e-06,0.0009999989979561,2.004086786557891e-06,0.9999979959132134,,,,,
2025,Australian Grand Prix,0,LEC,Ferrari,0.0001691034736922,0.0081403309889401,15090.92540395697,0.3996373778857418,2.75,16584.9691103434,3.0,1.0,11,,-1.1841483399140764e-14,0.0001691034736922,0.0081403309889401,0.99992437919783,7.562080216999712e-05,,,,,
2025,Australian Grand Prix,0,NOR,McLaren,9.287641644757302e-05,0.0208929084061047,2290.8792540852887,0.3996373778857418,2.5,2288.802445388722,2.0,1.0,11,,-2.1301818841294122e-14,9.287641644757302e-05,0.0208929084061047,0.9993214937079792,0.0006785062920207,,,,,
2025,Australian Grand Prix,0,OCO,Haas F1 Team,0.0456696092144497,0.397828444714304,6.318417745629117,0.3996373778857418,2.5,6.3126897506249,2.0,1.0,11,,0.0,0.0456696092144497,0.397828444714304,0.8629724287506728,0.1370275712493271,,,,,
2025,Australian Grand Prix,0,PIA,McLaren,0.0089732893183131,0.1223023631539957,66.8544472909065,0.3996373778857418,2.5,66.79384003834602,2.0,1.0,11,,0.0084473647303492,0.0089732893183131,0.1223023631539957,0.9791128623135322,0.0208871376864678,,,,,
2025,Australian Grand Prix,0,RUS,Mercedes,0.0118148453672854,0.199464292895956,25.134466795635383,0.3996373778857418,2.5,25.111681011909916,2.0,1.0,11,,6.5911368594841905e-15,0.0118148453672854,0.199464292895956,0.9276200470100292,0.0723799529899707,,,,,
2025,Australian Grand Prix,0,SAI,Williams,0.0676776155649466,0.7805614415727097,1.641291845917347,0.3996373778857418,2.0,1.311843139295315,,1.0,11,,0.0,0.0676776155649466,0.7805614415727097,0.0,1.0,,,,,
2025,Australian Grand Prix,0,STR,Aston Martin,0.0550226277817471,0.2222568160529479,20.24369674625086,0.3996373778857418,2.5,20.22534471596454,2.0,1.0,11,,0.0239855397200445,0.0550226277817471,0.2222568160529479,0.9387834431710804,0.0612165568289195,,,,,
2025,Australian Grand Prix,0,TSU,Racing Bulls,0.1949358908694275,0.3727997233515228,7.1952988589374,0.3996373778857418,2.75,7.907653514997533,3.0,1.0,11,,0.4289718634244914,0.1949358908694275,0.3727997233515228,0.6131377842744146,0.3868622157255855,,,,,
2025,Australian Grand Prix,0,VER,Red Bull Racing,0.9054265942248134,0.1378095608702845,52.6552043197475,0.3996373778857418,2.5,52.60746946595468,2.0,1.0,11,,1.061998432662142,0.9054265942248134,0.1378095608702845,0.1810242686864724,0.8189757313135275,,,,,
2025,Japanese Grand Prix,1,ALB,Williams,0.0004286061836668,0.0531227952835995,354.35467072848263,0.4343884542236323,14.25,2193.467981721544,49.0,1.0,10,,0.0004522122533443,0.0004286061836668,0.0531227952835995,0.9973715175298916,0.0026284824701082,,,,,
2025,Japanese Grand Prix,1,ALO,Aston Martin,-0.2179139718859773,0.0225126556243137,1973.0884030225202,0.4343884542236323,14.0,11999.215500097389,48.0,1.0,10,,-0.2196646958570494,-0.2179139718859773,0.0225126556243137,0.9996258800820012,0.0003741199179988,,,,,
2025,Japanese Grand Prix,1,ANT,Mercedes,0.0394642861600495,0.0313866233834922,1015.1046275156647,0.4343884542236323,14.5,6393.7710853158915,50.0,1.0,10,,0.0399140885551666,0.0394642861600495,0.0313866233834922,0.9912322004765328,0.0087677995234673,,,,,
2025,Japanese Grand Prix,1,BEA,Haas F1 Team,0.0249719393398612,0.0436855288652416,523.9921786351529,0.4343884542236323,14.0,3186.6261350363643,48.0,1.0,10,,0.0256730004296235,0.0249719393398612,0.0436855288652416,0.9948875122672508,0.0051124877327491,,,,,
2025,Japanese Grand Prix,1,BOR,Kick Sauber,0.0234224451203595,0.0531193403080824,354.40076793223244,0.4343884542236323,14.25,2193.7533250479473,49.0,1.0,10,,0.0247554707884142,0.0234224451203595,0.0531193403080824,0.9988986749332328,0.0011013250667672,,,,,
2025,Japanese Grand Prix,1,DOO,Alpine,0.0044062418789838,0.0527205217677784,359.78296827545665,0.4343884542236323,14.25,2227.069336093612,49.0,1.0,10,,0.0046064059353717,0.0044062418789838,0.0527205217677784,0.998945539549266,0.0010544604507339,,,,,
2025,Japanese Grand Prix,1,GAS,Alpine,-0.0028983546714513,0.0359514137594028,773.6919057431058,0.4343884542236323,14.0,4705.159633735176,48.0,1.0,10,,-0.0029940986130766,-0.0028983546714513,0.0359514137594028,0.9988900269791576,0.0011099730208424,,,,,
2025,Japanese Grand Prix,1,HAD,Racing Bulls,0.0494630208770976,0.0321004763870053,970.4586710410182,0.4343884542236323,14.0,5901.7845880199975,48.0,1.0,10,,0.0499568434155513,0.0494630208770976,0.0321004763870053,0.9827958781336744,0.0172041218663255,,,,,
2025,Japanese Grand Prix,1,HAM,Ferrari,0.0077255373622417,0.0484582039282653,425.8585523985219,0.4343884542236323,14.5,2682.326555267461,50.0,1.0,10,,0.0080124555968727,0.0077255373622417,0.0484582039282653,0.9969325068283992,0.0030674931716007,,,,,
2025,Japanese Grand Prix,1,HUL,Kick Sauber,-0.0238231501763674,0.0541570670144604,340.9492406722172,0.4343884542236323,14.0,2073.4617907405586,48.0,1.0,10,,-0.0252089476181538,-0.0238231501763674,0.0541570670144604,0.9987990852877954,0.0012009147122045,,,,,
2025,Japanese Grand Prix,1,LAW,Racing Bulls,0.0039031342810505,0.061898557479522,260.99906037469236,0.4343884542236323,14.5,1643.937186654755,50.0,1.0,10,,0.002248096263278,0.0039031342810505,0.061898557479522,0.9965586898687196,0.0034413101312804,,,,,
2025,Japanese Grand Prix,1,LEC,Ferrari,-0.0046610221160956,0.0272065050914969,1350.9973183166398,0.4343884542236323,14.25,8362.721323884687,49.0,1.0,10,,-0.0047539494696943,-0.0046610221160956,0.0272065050914969,0.9983342659830196,0.0016657340169803,,,,,
2025,Japanese Grand Prix,1,NOR,McLaren,0.1608852690381052,0.0195526375086126,2615.708250835885,0.4343884542236323,14.5,16475.385224818718,50.0,1.0,10,,0.1621052472315237,0.1608852690381052,0.0195526375086126,0.9999895972233336,1.0402776666314825e-05,,,,,
2025,Japanese Grand Prix,1,OCO,Haas F1 Team,-0.010789192770584,0.0620441347704361,259.7757066811653,0.4343884542236323,14.5,1636.231731216205,50.0,1.0,10,,-0.0121283176597907,-0.010789192770584,0.0620441347704361,0.9985445052161412,0.0014554947838587,,,,,
2025,Japanese Grand Prix,1,PIA,McLaren,-0.1544253688075634,0.0400992260970059,621.9106844923185,0.4343884542236323,14.5,3917.1869030758007,50.0,1.0,10,,-0.1594342966298786,-0.1544253688075634,0.0400992260970059,0.9979445130897008,0.002055486910299,,,,,
2025,Japanese Grand Prix,1,RUS,Mercedes,-0.0049854521734034,0.0504358495817055,393.11654146251146,0.4343884542236323,14.5,2476.096658246792,50.0,1.0,10,,-0.006085376059357,-0.0049854521734034,0.0504358495817055,0.997426984358804,0.0025730156411959,,,,,
2025,Japanese Grand Prix,1,SAI,Williams,-0.0004444012852498,0.0759751037076723,173.24367861144415,0.4343884542236323,14.0,1053.5707525845737,48.0,1.0,10,,-0.0004969009112303,-0.0004444012852498,0.0759751037076723,0.9998582260314212,0.0001417739685788,,,,,
2025,Japanese Grand Prix,1,STR,Aston Martin,0.1290331472243125,0.0009997861292588,1000427.8787436228,0.4343884542236323,13.25,5758109.737478124,45.0,1.0,10,,0.129036630343178,0.1290331472243125,0.0009997861292588,0.0004276957415361,0.999572304258464,,,,,
2025,Japanese Grand Prix,1,TSU,Red Bull Racing,-0.010573612098522,0.0338909246499231,870.6290703747788,0.4343884542236323,14.0,5294.6770251516145,48.0,1.0,10,,-0.0108102229117917,-0.010573612098522,0.0338909246499231,0.9994715759424136,0.0005284240575863,,,,,
2025,Japanese Grand Prix,1,VER,Red Bull Racing,0.0101275686220023,0.0237711174610904,1769.7046984597055,0.4343884542236323,14.5,11146.719681745057,50.0,1.0,10,,0.0102451155563546,0.0101275686220023,0.0237711174610904,0.9994699644499406,0.0005300355500593,,,,,
2025,Bahrain Grand Prix,2,ALB,Williams,0.4750779735435476,0.0407168155821632,603.1875793309713,0.47216136328655683,14.5,4129.627111729229,50.0,1.0,9,,0.483152169519307,0.4750779735435476,0.0407168155821632,0.2561541907660955,0.7438458092339045,,,,,
2025,Bahrain Grand Prix,2,ALO,Aston Martin,0.0139293896020553,0.0596027271241867,281.4930892882937,0.47216136328655683,14.0,1860.7422511174732,48.0,1.0,9,,-0.0037942078760642,0.0139293896020553,0.0596027271241867,0.9488469634753024,0.0511530365246977,,,,,
2025,Bahrain Grand Prix,2,ANT,Mercedes,0.2006663819365363,0.0629028563305433,252.73143705153873,0.47216136328655683,14.0,1670.6202780907522,48.0,1.0,9,,0.2139528550198087,0.2006663819365363,0.0629028563305433,0.5488235348938891,0.4511764651061108,,,,,
2025,Bahrain Grand Prix,2,BEA,Haas F1 Team,0.1367027634789472,0.0502078435400392,396.69512451706476,0.47216136328655683,14.5,2715.9096066160614,50.0,1.0,9,,0.1400649567436997,0.1367027634789472,0.0502078435400392,0.7051367028850776,0.2948632971149224,,,,,
2025,Bahrain Grand Prix,2,BOR,Kick Sauber,0.1962947771349733,0.0496105128294302,406.3053745775187,0.47216136328655683,14.25,2733.744218889263,49.0,1.0,9,,0.2028897102100287,0.1962947771349733,0.0496105128294302,0.6099133228399418,0.3900866771600582,,,,,
2025,Bahrain Grand Prix,2,DOO,Alpine,0.06127580534416,0.0635572876254638,247.55362492989997,0.47216136328655683,14.0,1636.3935984680274,48.0,1.0,9,,0.0645710187849473,0.06127580534416,0.0635572876254638,0.8477311747659412,0.1522688252340588,,,,,
2025,Bahrain Grand Prix,2,GAS,Alpine,-0.0247084070596354,0.0651922528609796,235.2924659996961,0.47216136328655683,14.0,1555.3441612446127,48.0,1.0,9,,-0.0285501884445627,-0.0247084070596354,0.0651922528609796,0.8621178516471093,0.1378821483528907,,,,,
2025,Bahrain Grand Prix,2,HAD,Racing Bulls,-0.0074147945297839,0.068793622419816,211.30201725476473,0.47216136328655683,13.75,1371.8189173178775,47.0,1.0,9,,-0.0115998372279256,-0.0074147945297839,0.068793622419816,0.8805847401296035,0.1194152598703965,,,,,
2025,Bahrain Grand Prix,2,HAM,Ferrari,0.0135583332439811,0.055559887237635,323.9494811687531,0.47216136328655683,14.25,2179.62910847071,49.0,1.0,9,,0.013594366874774,0.0135583332439811,0.055559887237635,0.8913557517469886,0.1086442482530114,,,,,
2025,Bahrain Grand Prix,2,HUL,Kick Sauber,-0.0686352543951404,0.0642268579214863,242.41899568575633,0.47216136328655683,13.75,1573.8371479812388,47.0,1.0,9,,-0.0794390442129285,-0.0686352543951404,0.0642268579214863,0.879241048934971,0.1207589510650289,,,,,
2025,Bahrain Grand Prix,2,LAW,Racing Bulls,0.0787672442288675,0.0586044862771102,291.16439979547914,0.47216136328655683,14.25,1959.0412642582235,49.0,1.0,9,,0.0816499208587987,0.0787672442288675,0.0586044862771102,0.7973365826913696,0.2026634173086303,,,,,
2025,Bahrain Grand Prix,2,LEC,Ferrari,0.0090460612956026,0.0455086758322984,482.8492953895864,0.47216136328655683,14.5,3305.7503328099574,50.0,1.0,9,,0.0088833348223161,0.0090460612956026,0.0455086758322984,0.9204398907751972,0.0795601092248028,,,,,
2025,Bahrain Grand Prix,2,NOR,McLaren,0.1950008269204019,0.0656076189671531,232.32259324742586,0.47216136328655683,14.5,1590.5594090746058,50.0,1.0,9,,0.2075395243510506,0.1950008269204019,0.0656076189671531,0.8711752217997293,0.1288247782002707,,,,,
2025,Bahrain Grand Prix,2,OCO,Haas F1 Team,0.0007816010129543,0.0289767006137342,1190.973594277196,0.47216136328655683,14.0,7872.644022770961,48.0,1.0,9,,-0.0003810255810876,0.0007816010129543,0.0289767006137342,0.4743184959017486,0.5256815040982513,,,,,
2025,Bahrain Grand Prix,2,PIA,McLaren,-0.1029082280022744,0.0515255867223638,376.6639950636885,0.47216136328655683,14.5,2578.769688448365,50.0,1.0,9,,-0.1109927766592425,-0.1029082280022744,0.0515255867223638,0.6471748438843176,0.3528251561156825,,,,,
2025,Bahrain Grand Prix,2,RUS,Mercedes,-0.1407667654171522,0.0563855984294521,314.531113143184,0.47216136328655683,9.0,1336.584952599516,28.0,1.0,9,,-0.1518014559973866,-0.1407667654171522,0.0563855984294521,0.8729727856305508,0.1270272143694492,,,,,
2025,Bahrain Grand Prix,2,SAI,Williams,0.0434761641140211,0.1075308613200385,86.48359831778981,0.47216136328655683,10.75,438.96779709928705,35.0,1.0,9,,-2.0886611197552465e-05,0.0434761641140211,0.1075308613200385,0.4790887330049794,0.5209112669950205,,,,,
2025,Bahrain Grand Prix,2,STR,Aston Martin,0.5331344484744784,0.0332075924637635,906.8286212735364,0.47216136328655683,14.5,6208.456852272835,50.0,1.0,9,,0.5390837875706064,0.5331344484744784,0.0332075924637635,0.2267486099227318,0.7732513900772681,,,,,
2025,Bahrain Grand Prix,2,TSU,Red Bull Racing,0.0266004716367939,0.0500547102842726,399.12607010167653,0.47216136328655683,14.0,2638.326731353788,48.0,1.0,9,,0.0268792141576383,0.0266004716367939,0.0500547102842726,0.9132296030073462,0.0867703969926537,,,,,
2025,Bahrain Grand Prix,2,VER,Red Bull Racing,0.0112012393904401,0.0796561606257141,157.60183154143996,0.47216136328655683,14.0,1041.788938918904,48.0,1.0,9,,0.0099529592398349,0.0112012393904401,0.0796561606257141,0.9125416077996928,0.0874583922003071,,,,,
2025,Saudi Arabian Grand Prix,3,ALB,Williams,-0.0032636362488219,0.0446232353296313,502.2013667256264,0.5132188731375618,13.0,3350.609853747902,44.0,1.0,8,,-0.0035329629643441,-0.0032636362488219,0.0446232353296313,0.9989797486345796,0.0010202513654204,,,,,
2025,Saudi Arabian Grand Prix,3,ALO,Aston Martin,0.189856831209876,0.0562360249662314,316.20648306591005,0.5132188731375618,12.75,2069.109970202943,43.0,1.0,8,,0.2026350644501403,0.189856831209876,0.0562360249662314,0.998812934620438,0.0011870653795618,,,,,
2025,Saudi Arabian Grand Prix,3,ANT,Mercedes,0.0787679762262262,0.035011807802044,815.7760079576302,0.5132188731375618,13.0,5442.731365976756,44.0,1.0,8,,0.0805074506203308,0.0787679762262262,0.035011807802044,0.9991839084408052,0.0008160915591946,,,,,
2025,Saudi Arabian Grand Prix,3,BEA,Haas F1 Team,0.2154523479478312,0.0647549831527056,238.48090469538838,0.5132188731375618,13.0,1591.1077152437153,44.0,1.0,8,,0.2328236968447593,0.2154523479478312,0.0647549831527056,0.9982657907379988,0.0017342092620012,,,,,
2025,Saudi Arabian Grand Prix,3,BOR,Kick Sauber,2.618773016717088,0.0009999566467534,1000086.712132038,0.5132188731375618,13.25,6800739.72458336,45.0,1.0,8,,2.618804300049856,2.618773016717088,0.0009999566467534,8.670461353014909e-05,0.9999132953864698,,,,,
2025,Saudi Arabian Grand Prix,3,DOO,Alpine,0.0315875228118,0.1286642770604415,60.40654988427241,0.5132188731375618,13.0,403.02315900254456,44.0,1.0,8,,2.079851881988983e-06,0.0315875228118,0.1286642770604415,0.9995712682122202,0.0004287317877799,,,,,
2025,Saudi Arabian Grand Prix,3,GAS,Alpine,0.1271885069562687,5.622344443733256,0.03163480072966167,0.5132188731375618,2.0,0.03247115356481656,,1.0,8,,0.2552767838153471,0.1271885069562687,5.622344443733256,0.0,1.0,,,,,
2025,Saudi Arabian Grand Prix,3,HAD,Racing Bulls,0.0333533502500617,0.0765567866512721,170.6210488444934,0.5132188731375618,13.0,1138.3572514797572,44.0,1.0,8,,0.0363878744385518,0.0333533502500617,0.0765567866512721,0.9976751656811432,0.0023248343188568,,,,,
2025,Saudi Arabian Grand Prix,3,HAM,Ferrari,-0.154082113707298,0.0648003605679436,238.14702204614625,0.5132188731375618,13.25,1619.4354884165575,45.0,1.0,8,,-0.16738818904485,-0.154082113707298,0.0648003605679436,0.997387883286596,0.0026121167134041,,,,,
2025,Saudi Arabian Grand Prix,3,HUL,Kick Sauber,-0.311452306774399,0.0736327613220585,184.44115163188022,0.5132188731375618,12.75,1206.8981700090235,43.0,1.0,8,,-0.4595670892694041,-0.311452306774399,0.0736327613220585,0.9960400242583556,0.0039599757416445,,,,,
2025,Saudi Arabian Grand Prix,3,LAW,Racing Bulls,-0.0311943887420031,0.08048041183666,154.39016089365813,0.5132188731375618,13.0,1030.067277165811,44.0,1.0,8,,-0.0362024868978803,-0.0311943887420031,0.08048041183666,0.9988937236392362,0.0011062763607637,,,,,
2025,Saudi Arabian Grand Prix,3,LEC,Ferrari,0.1598516169248717,0.0506033834560026,390.5178490421038,0.5132188731375618,13.25,2655.579978137782,45.0,1.0,8,,0.1678150746861799,0.1598516169248717,0.0506033834560026,0.9984360801047992,0.0015639198952009,,,,,
2025,Saudi Arabian Grand Prix,3,NOR,McLaren,-0.1091435681999299,0.0694769764493627,207.16585634136246,0.5132188731375618,13.0,1382.1785554731966,44.0,1.0,8,,-0.12025895418467,-0.1091435681999299,0.0694769764493627,0.999935217320797,6.478267920304002e-05,,,,,
2025,Saudi Arabian Grand Prix,3,OCO,Haas F1 Team,-0.2061951563063355,0.0694590172167615,207.2729992563968,0.5132188731375618,13.25,1409.4875002102908,45.0,1.0,8,,-0.22689353525466,-0.2061951563063355,0.0694590172167615,0.9983222932779224,0.0016777067220773,,,,,
2025,Saudi Arabian Grand Prix,3,PIA,McLaren,0.1163766292192779,0.0541683106467857,340.8077147505005,0.5132188731375618,12.75,2230.089129340703,43.0,1.0,8,,0.122854403626195,0.1163766292192779,0.0541683106467857,0.9981680763164864,0.0018319236835133,,,,,
2025,Saudi Arabian Grand Prix,3,RUS,Mercedes,-0.063909819041903,0.0999119422098155,100.1763484790285,0.5132188731375618,13.25,681.2142030291159,45.0,1.0,8,,-0.0782299100611491,-0.063909819041903,0.0999119422098155,0.995892240642733,0.004107759357267,,,,,
2025,Saudi Arabian Grand Prix,3,SAI,Williams,0.004720804856725,0.0515910138429899,375.70923910276184,0.5132188731375618,13.0,2506.6739401559726,44.0,1.0,8,,0.0047858354041193,0.004720804856725,0.0515910138429899,0.9969514571282602,0.0030485428717398,,,,,
2025,Saudi Arabian Grand Prix,3,STR,Aston Martin,-0.2174261506984824,0.071704638100964,194.49368443035098,0.5132188731375618,11.0,1097.99612511289,36.0,1.0,8,,-0.2385327457917403,-0.2174261506984824,0.071704638100964,0.9912389630659144,0.0087610369340856,,,,,
2025,Saudi Arabian Grand Prix,3,TSU,Red Bull Racing,0.1235342528219034,1.572513866881555,0.40439989323654146,0.5132188731375618,2.0,0.4150913150076162,,1.0,8,,0.1483484018798293,0.1235342528219034,1.572513866881555,0.0,1.0,,,,,
2025,Saudi Arabian Grand Prix,3,VER,Red Bull Racing,0.0035669218473641,0.0386357460405743,669.917610641633,0.5132188731375618,13.0,4469.586695970588,44.0,1.0,8,,3.462829860720416e-07,0.0035669218473641,0.0386357460405743,0.9985360781095618,0.0014639218904382,,,,,
2025,Emilia Romagna Grand Prix,4,ALB,Williams,0.0061417107561833,0.0645724863198707,239.83081435297612,0.5578466012364802,13.75,1839.5960640555434,47.0,1.0,7,,0.0063264426076254,0.0061417107561833,0.0645724863198707,0.9536311245491784,0.0463688754508214,,,,,
2025,Emilia Romagna Grand Prix,4,ALO,Aston Martin,0.0361543541886739,0.0939283466274181,113.34611643071976,0.5578466012364802,12.25,774.5643862243345,41.0,1.0,7,,0.0357866302724808,0.0361543541886739,0.0939283466274181,0.9064917934566752,0.0935082065433248,,,,,
2025,Emilia Romagna Grand Prix,4,ANT,Mercedes,0.0077503559243755,0.0645580606124134,239.9380082704549,0.5578466012364802,12.0,1606.183229053485,40.0,1.0,7,,0.0082078072055967,0.0077503559243755,0.0645580606124134,0.978438511679914,0.0215614883200861,,,,,
2025,Emilia Romagna Grand Prix,4,BEA,Haas F1 Team,0.0032044574949261,0.0901315294113129,123.0967307571224,0.5578466012364802,13.75,944.2000270475139,47.0,1.0,7,,0.001745953791408,0.0032044574949261,0.0901315294113129,0.9583450249552912,0.0416549750447087,,,,,
2025,Emilia Romagna Grand Prix,4,BOR,Kick Sauber,0.7978127607607044,0.089271954519979,125.47867189963372,0.5578466012364802,13.75,962.470446394574,47.0,1.0,7,,0.9259468225822536,0.7978127607607044,0.089271954519979,0.9296936619663682,0.0703063380336318,,,,,
2025,Emilia Romagna Grand Prix,4,COL,Alpine,0.318390588252215,0.0009999448663015,1000110.2765168446,0.5578466012364802,13.75,7671236.630978225,47.0,1.0,7,,0.3183944423455239,0.318390588252215,0.0009999448663015,0.000110264357271,0.9998897356427288,,,,,
2025,Emilia Romagna Grand Prix,4,GAS,Alpine,-0.0489964846304781,0.0632772702423191,249.74944328413014,0.5578466012364802,13.75,1915.6758238303823,47.0,1.0,7,,-0.0629833952188023,-0.0489964846304781,0.0632772702423191,0.9754790167360116,0.0245209832639885,,,,,
2025,Emilia Romagna Grand Prix,4,HAD,Racing Bulls,0.0842137763010393,0.0635648851557515,247.49445126008294,0.5578466012364802,14.25,1967.4111230596309,49.0,1.0,7,,0.0875148204202548,0.0842137763010393,0.0635648851557515,0.8814903850059232,0.1185096149940767,,,,,
2025,Emilia Romagna Grand Prix,4,HAM,Ferrari,0.0681963195977421,0.0950650012971274,110.65185095261957,0.5578466012364802,14.5,895.0380051294441,50.0,1.0,7,,0.0801344893086208,0.0681963195977421,0.0950650012971274,0.9176608950162786,0.0823391049837214,,,,,
2025,Emilia Romagna Grand Prix,4,HUL,Kick Sauber,-0.8368954254042446,0.0796854180823729,157.48612198329573,0.5578466012364802,14.25,1251.9066449367074,49.0,1.0,7,,-0.9424035908957278,-0.8368954254042446,0.0796854180823729,0.987653896826952,0.0123461031730479,,,,,
2025,Emilia Romagna Grand Prix,4,LAW,Racing Bulls,7.305693640650979e-06,0.0009997355695938,1000529.0706567032,0.5578466012364802,13.0,7255842.639553769,44.0,1.0,7,,6.439012866736878e-06,7.305693640650979e-06,0.0009997355695938,0.0005287908887966,0.9994712091112034,,,,,
2025,Emilia Romagna Grand Prix,4,LEC,Ferrari,-0.0677611162349902,0.0921168398688947,117.84792454616485,0.5578466012364802,13.75,903.9396323492044,47.0,1.0,7,,-0.0796252890368769,-0.0677611162349902,0.0921168398688947,0.9096756548196052,0.0903243451803945,,,,,
2025,Emilia Romagna Grand Prix,4,NOR,McLaren,0.0253726545792174,0.0755310624510472,175.28663850591687,0.5578466012364802,14.25,1393.408541340879,49.0,1.0,7,,0.0260627312353933,0.0253726545792174,0.0755310624510472,0.9154961788138676,0.0845038211861324,,,,,
2025,Emilia Romagna Grand Prix,4,OCO,Haas F1 Team,0.0189284477177792,0.1047194871384742,91.18953199133493,0.5578466012364802,8.0,406.95816391769176,24.0,1.0,7,,0.020408253171432,0.0189284477177792,0.1047194871384742,0.921973263558285,0.0780267364417149,,,,,
2025,Emilia Romagna Grand Prix,4,PIA,McLaren,0.0127891868695319,0.0725600361968515,189.93500764994425,0.5578466012364802,14.25,1509.8530282451843,49.0,1.0,7,,0.0121010139074304,0.0127891868695319,0.0725600361968515,0.9997504537502214,0.0002495462497784,,,,,
2025,Emilia Romagna Grand Prix,4,RUS,Mercedes,-0.0048363481076416,0.0594573469441043,282.8713393957899,0.5578466012364802,13.25,2090.8343023162674,45.0,1.0,7,,-0.0053382516643845,-0.0048363481076416,0.0594573469441043,0.9358525018038414,0.0641474981961586,,,,,
2025,Emilia Romagna Grand Prix,4,SAI,Williams,0.0002363107880883,0.0610442512778753,268.3554731669285,0.5578466012364802,14.0,2095.8166408112993,48.0,1.0,7,,-3.871102578653251e-05,0.0002363107880883,0.0610442512778753,0.9331368408077958,0.0668631591922042,,,,,
2025,Emilia Romagna Grand Prix,4,STR,Aston Martin,0.0424819381823279,0.0925092009652683,116.85038304038088,0.5578466012364802,12.25,798.5112156451522,41.0,1.0,7,,0.0432082653012092,0.0424819381823279,0.0925092009652683,0.8510008590146898,0.14899914098531,,,,,
2025,Emilia Romagna Grand Prix,4,TSU,Red Bull Racing,-0.0101309718296329,0.0647885687100162,238.23371793892096,0.5578466012364802,12.5,1661.223373151967,50.0,,7,,-0.0110299682617187,-0.0101309718296329,0.0647885687100162,1.0,0.0,,,,,
2025,Emilia Romagna Grand Prix,4,VER,Red Bull Racing,0.0100473805883184,0.0525993257774016,361.44285602406757,0.5578466012364802,14.75,2974.0376144199304,51.0,1.0,7,,0.0105713798395771,0.0100473805883184,0.0525993257774016,0.977280930658502,0.022719069341498,,,,,
2025,Monaco Grand Prix,5,ALB,Williams,0.03563451598728,0.2240715442199094,19.917122094810942,0.6063550013440001,17.5,211.34481540493482,62.0,1.0,6,,0.0762641069426083,0.03563451598728,0.2240715442199094,0.9887391508213844,0.0112608491786154,,,,,
2025,Monaco Grand Prix,5,ALO,Aston Martin,-0.0237092883202504,0.2473845309358332,16.340107935706648,0.6063550013440001,7.75,76.78627281220297,23.0,1.0,6,,-0.0367183052305745,-0.0237092883202504,0.2473845309358332,0.989461698844956,0.0105383011550439,,,,,
2025,Monaco Grand Prix,5,ANT,Mercedes,-0.0505338423768006,0.1159159675121798,74.42407935963378,0.6063550013440001,16.0,722.0386038421874,56.0,1.0,6,,-0.0625887822826894,-0.0505338423768006,0.1159159675121798,0.9998362418034408,0.0001637581965592,,,,,
2025,Monaco Grand Prix,5,BEA,Haas F1 Team,-0.0875655402052266,0.1695458505458312,34.78769624520789,0.6063550013440001,18.0,379.6864848633185,64.0,1.0,6,,-0.1380484729756352,-0.0875655402052266,0.1695458505458312,0.9979272435305412,0.0020727564694587,,,,,
2025,Monaco Grand Prix,5,BOR,Kick Sauber,0.001017837204152,0.1785751032403391,31.35870937852725,0.6063550013440001,17.75,337.50755724569325,63.0,1.0,6,,0.0039113855166598,0.001017837204152,0.1785751032403391,0.9990692068199818,0.0009307931800181,,,,,
2025,Monaco Grand Prix,5,COL,Alpine,-0.015582107671274,0.1415137735570297,49.93471508796545,0.6063550013440001,17.75,537.4374151583911,63.0,1.0,6,,0.0151600710858911,-0.015582107671274,0.1415137735570297,0.9989851949877552,0.0010148050122448,,,,,
2025,Monaco Grand Prix,5,GAS,Alpine,-0.1541406847376322,0.3571031013739527,7.8417457287642875,0.6063550013440001,2.75,13.075924790236485,3.0,1.0,6,,-0.311767525323752,-0.1541406847376322,0.3571031013739527,0.9947910788545976,0.0052089211454023,,,,,
2025,Monaco Grand Prix,5,HAD,Racing Bulls,0.0989254636937191,0.1105405015443876,81.83840160590596,0.6063550013440001,17.5,868.4046720254487,62.0,1.0,6,,0.1252218491224873,0.0989254636937191,0.1105405015443876,0.9986289105751128,0.0013710894248871,,,,,
2025,Monaco Grand Prix,5,HAM,Ferrari,-0.2323984899443664,0.1477240309990783,45.82449633110109,0.6063550013440001,17.5,486.25346935257625,62.0,1.0,6,,-0.3325193611788442,-0.2323984899443664,0.1477240309990783,0.9976539172037928,0.0023460827962073,,,,,
2025,Monaco Grand Prix,5,HUL,Kick Sauber,-0.0035974182382985,0.1567119104561414,40.71889555593459,0.6063550013440001,17.75,438.24938095942224,63.0,1.0,6,,-0.0036359057321992,-0.0035974182382985,0.1567119104561414,0.9981257472154828,0.0018742527845172,,,,,
2025,Monaco Grand Prix,5,LAW,Racing Bulls,-0.109975289076356,0.1226470933762496,66.47915329046108,0.6063550013440001,15.75,634.8819815538719,55.0,1.0,6,,-0.140450420055333,-0.109975289076356,0.1226470933762496,0.998745601844668,0.001254398155332,,,,,
2025,Monaco Grand Prix,5,LEC,Ferrari,0.2435975434628974,0.1337871852056677,55.869008861768606,0.6063550013440001,17.5,592.837926510649,62.0,1.0,6,,0.3318742512848837,0.2435975434628974,0.1337871852056677,0.9977285948278576,0.0022714051721423,,,,,
2025,Monaco Grand Prix,5,NOR,McLaren,-0.1139900556142217,0.1386322461269989,52.03211512456206,0.6063550013440001,17.5,552.1238316349875,62.0,1.0,6,,-0.1573248706438128,-0.1139900556142217,0.1386322461269989,0.998003464391084,0.0019965356089159,,,,,
2025,Monaco Grand Prix,5,OCO,Haas F1 Team,0.1203019620961035,0.101555190185975,96.96070227243541,0.6063550013440001,17.25,1014.1724665533815,61.0,1.0,6,,0.1450662744305554,0.1203019620961035,0.101555190185975,0.9971849637977565,0.0028150362022436,,,,,
2025,Monaco Grand Prix,5,PIA,McLaren,0.1254324687327578,0.116496062369376,73.68473187838048,0.6063550013440001,17.25,770.7145732757975,61.0,1.0,6,,0.159817453760595,0.1254324687327578,0.116496062369376,0.9987831347375496,0.0012168652624503,,,,,
2025,Monaco Grand Prix,5,RUS,Mercedes,0.0280846317029336,0.2082825276317875,23.051241520283494,0.6063550013440001,17.25,241.10731380696336,61.0,1.0,6,,0.0573755346145654,0.0280846317029336,0.2082825276317875,0.9983023382073032,0.0016976617926969,,,,,
2025,Monaco Grand Prix,5,SAI,Williams,-0.0422082732597544,0.2093182879360204,22.8236790843328,0.6063550013440001,17.75,245.64672232293762,63.0,1.0,6,,-0.0749650982422086,-0.0422082732597544,0.2093182879360204,0.9939975121563748,0.0060024878436252,,,,,
2025,Monaco Grand Prix,5,STR,Aston Martin,0.0073576414958421,0.1186471129783293,71.03716972420574,0.6063550013440001,17.5,753.7905050129078,62.0,1.0,6,,0.013111950929294,0.0073576414958421,0.1186471129783293,0.9998803910550412,0.0001196089449587,,,,,
2025,Monaco Grand Prix,5,TSU,Red Bull Racing,-0.0068726479492341,0.1208198381663347,68.50519401750483,0.6063550013440001,16.5,685.3847056741597,58.0,1.0,6,,-0.0083747724898371,-0.0068726479492341,0.1208198381663347,0.9993698702012408,0.0006301297987593,,,,,
2025,Monaco Grand Prix,5,VER,Red Bull Racing,0.0067673610894989,0.1166971467977907,73.4310138242046,0.6063550013440001,17.25,768.0607778846536,61.0,1.0,6,,0.0090810544301483,0.0067673610894989,0.1166971467977907,0.9882212263497996,0.0117787736502003,,,,,
2025,Spanish Grand Prix,6,ALB,Williams,0.0105670047639125,0.0777407658700739,165.46356240522533,0.6590815232000001,6.5,708.8508488368723,18.0,1.0,5,,-0.0142946587820115,0.0105670047639125,0.0777407658700739,0.4993090620301536,0.5006909379698464,,,,,
2025,Spanish Grand Prix,6,ALO,Aston Martin,0.011819312802869,0.0691509855355214,209.12369890310248,0.6590815232000001,14.5,1998.5287071489872,50.0,1.0,5,,1.6505319918433377e-05,0.011819312802869,0.0691509855355214,0.6760579038590312,0.3239420961409689,,,,,
2025,Spanish Grand Prix,6,ANT,Mercedes,-0.2586744356260473,0.0406729534679033,604.4892476907603,0.6590815232000001,13.0,5179.30002363863,44.0,1.0,5,,-0.2659583012936872,-0.2586744356260473,0.0406729534679033,0.9451757647448336,0.0548242352551664,,,,,
2025,Spanish Grand Prix,6,BEA,Haas F1 Team,0.096809187551035,0.072999084025798,187.65717689171527,0.6590815232000001,14.5,1793.3799807854518,50.0,1.0,5,,0.0960695391356587,0.096809187551035,0.072999084025798,0.8485742092203442,0.1514257907796558,,,,,
2025,Spanish Grand Prix,6,BOR,Kick Sauber,-0.0331322851548476,0.0522689458217045,366.02649035601695,0.6590815232000001,15.0,3618.6194519309074,52.0,1.0,5,,-0.0361986634312766,-0.0331322851548476,0.0522689458217045,0.3848902727697019,0.615109727230298,,,,,
2025,Spanish Grand Prix,6,COL,Alpine,0.2396489125104665,0.0388636829149383,662.0824739520074,0.6590815232000001,15.0,6545.494881244702,52.0,1.0,5,,0.2430185071191822,0.2396489125104665,0.0388636829149383,0.1008396536935481,0.8991603463064518,,,,,
2025,Spanish Grand Prix,6,GAS,Alpine,0.0260055772892351,0.0750734403847507,177.43012666969213,0.6590815232000001,15.25,1783.349001742202,53.0,1.0,5,,0.014497288319391,0.0260055772892351,0.0750734403847507,0.5471703962585235,0.4528296037414764,,,,,
2025,Spanish Grand Prix,6,HAD,Racing Bulls,-0.0129239196467155,0.0448820349619824,496.4264586665035,0.6590815232000001,14.0,4580.597091485814,48.0,1.0,5,,-0.0170860816565707,-0.0129239196467155,0.0448820349619824,0.7422139510240986,0.2577860489759013,,,,,
2025,Spanish Grand Prix,6,HAM,Ferrari,-0.0210533318674077,0.0495828066046066,406.7595777181241,0.6590815232000001,14.5,3887.2719698504256,50.0,1.0,5,,-0.0226194631448047,-0.0210533318674077,0.0495828066046066,0.6895602935480817,0.3104397064519184,,,,,
2025,Spanish Grand Prix,6,HUL,Kick Sauber,0.0778746451536287,0.0313152392958877,1019.737829073281,0.6590815232000001,12.75,8569.152111041063,43.0,1.0,5,,0.0789511600148474,0.0778746451536287,0.0313152392958877,0.1457846246711041,0.8542153753288958,,,,,
2025,Spanish Grand Prix,6,LAW,Racing Bulls,0.1927160326309644,0.0460650060700415,471.25691354166463,0.6590815232000001,15.0,4658.950865933566,52.0,1.0,5,,0.1970588690749415,0.1927160326309644,0.0460650060700415,0.2711120621064223,0.7288879378935776,,,,,
2025,Spanish Grand Prix,6,LEC,Ferrari,0.039582931925183,0.0375068700899474,710.8506281724957,0.6590815232000001,15.0,7027.627721754081,52.0,1.0,5,,0.0403927875488415,0.039582931925183,0.0375068700899474,0.3760076008023241,0.6239923991976758,,,,,
2025,Spanish Grand Prix,6,NOR,McLaren,0.1414919633848052,0.0414055107847846,583.2888933573706,0.6590815232000001,13.75,5285.980319119751,47.0,1.0,5,,0.1457374005390373,0.1414919633848052,0.0414055107847846,0.9363958204944348,0.0636041795055652,,,,,
2025,Spanish Grand Prix,6,OCO,Haas F1 Team,0.1109533647846384,0.0277331509371909,1300.1742764306853,0.6590815232000001,15.5,13282.273059298608,54.0,1.0,5,,0.1110641831678059,0.1109533647846384,0.0277331509371909,0.0760202573557648,0.9239797426442352,,,,,
2025,Spanish Grand Prix,6,PIA,McLaren,-0.10817070608038,0.0487412105561251,420.92757506395316,0.6590815232000001,13.75,3814.6018257879487,47.0,1.0,5,,-0.1141502075407227,-0.10817070608038,0.0487412105561251,0.748457881834749,0.251542118165251,,,,,
2025,Spanish Grand Prix,6,RUS,Mercedes,0.1716431756686716,0.051045898366499,383.776428671086,0.6590815232000001,15.75,3983.80426253453,55.0,1.0,5,,0.1825957340702837,0.1716431756686716,0.051045898366499,0.76057219668026,0.2394278033197399,,,,,
2025,Spanish Grand Prix,6,SAI,Williams,0.453175106033657,0.004085687074597,59905.927787129265,0.6590815232000001,15.5,611984.7970870808,54.0,1.0,5,,0.4532542044264672,0.453175106033657,0.004085687074597,0.0025740009242,0.9974259990758,,,,,
2025,Spanish Grand Prix,6,STR,Aston Martin,0.2484406416741107,0.1075168375920278,86.50616039426653,0.6590815232000001,2.0,114.02922391767342,,1.0,5,,0.274614266868312,0.2484406416741107,0.1075168375920278,0.0,1.0,,,,,
2025,Spanish Grand Prix,6,TSU,Red Bull Racing,0.8308069699623254,0.0193889934453086,2660.047993258608,0.6590815232000001,14.75,25859.53012693431,51.0,1.0,5,,0.8339855244774259,0.8308069699623254,0.0193889934453086,0.042829705742614,0.957170294257386,,,,,
2025,Spanish Grand Prix,6,VER,Red Bull Racing,0.0206665662449566,0.0590576879043343,286.71282451449775,0.6590815232000001,15.25,2881.7486578053404,53.0,1.0,5,,-0.0063559449667783,0.0206665662449566,0.0590576879043343,0.7524468335094688,0.2475531664905311,,,,,
2025,Canadian Grand Prix,7,ALB,Williams,-0.0098288271445026,0.106112642678137,88.81079115686413,0.7163929600000001,12.5,795.2928194600966,42.0,1.0,4,,-0.0117511812300739,-0.0098288271445026,0.106112642678137,0.9982805569708472,0.0017194430291528,,,,,
2025,Canadian Grand Prix,7,ALO,Aston Martin,-0.150614937940312,0.0681703447765457,215.183525726515,0.7163929600000001,16.5,2543.5733884844954,58.0,1.0,4,,-0.1645854562136883,-0.150614937940312,0.0681703447765457,0.9994437314496576,0.0005562685503421,,,,,
2025,Canadian Grand Prix,7,ANT,Mercedes,0.0344137370539539,0.0371697721343289,723.8027062817582,0.7163929600000001,16.5,8555.698192951791,58.0,1.0,4,,0.0353588703362606,0.0344137370539539,0.0371697721343289,0.9977050889273674,0.0022949110726325,,,,,
2025,Canadian Grand Prix,7,BEA,Haas F1 Team,-0.1687637841234155,0.0968718936334906,106.56250507293583,0.7163929600000001,16.5,1259.6203691645562,58.0,1.0,4,,-0.2025060832803743,-0.1687637841234155,0.0968718936334906,0.9992448336361632,0.0007551663638367,,,,,
2025,Canadian Grand Prix,7,BOR,Kick Sauber,-0.611859703613483,0.0572315272803153,305.3017746154496,0.7163929600000001,14.5,3171.3826091452147,50.0,1.0,4,,-0.6482360494599363,-0.611859703613483,0.0572315272803153,0.9998850899226878,0.0001149100773122,,,,,
2025,Canadian Grand Prix,7,COL,Alpine,0.1298218053689225,0.0701677457575819,203.10702794417261,0.7163929600000001,16.25,2364.447230368089,57.0,1.0,4,,0.1435731671185217,0.1298218053689225,0.0701677457575819,0.999740954800188,0.0002590451998118,,,,,
2025,Canadian Grand Prix,7,GAS,Alpine,-0.1477676529587241,0.0759665860535246,173.28253023137015,0.7163929600000001,14.5,1800.006578856741,50.0,1.0,4,,-0.1636884208960522,-0.1477676529587241,0.0759665860535246,0.9998282705952216,0.0001717294047783,,,,,
2025,Canadian Grand Prix,7,HAD,Racing Bulls,0.018571978777272,0.0530796893771383,354.9304458235607,0.7163929600000001,15.75,4004.74734467315,55.0,1.0,4,,0.0197638588914499,0.018571978777272,0.0530796893771383,0.996063116569542,0.003936883430458,,,,,
2025,Canadian Grand Prix,7,HAM,Ferrari,-0.0125229627327574,0.0506210584683609,390.24518770378893,0.7163929600000001,16.75,4682.779161176622,59.0,1.0,4,,-0.0131565020886473,-0.0125229627327574,0.0506210584683609,0.9998279625002748,0.0001720374997252,,,,,
2025,Canadian Grand Prix,7,HUL,Kick Sauber,0.4878079270269969,0.0632605106534739,249.88179290946186,0.7163929600000001,17.25,3087.983862950908,61.0,1.0,4,,0.5313788873002288,0.4878079270269969,0.0632605106534739,0.9995226231718206,0.0004773768281794,,,,,
2025,Canadian Grand Prix,7,LAW,Racing Bulls,-0.0221928810766932,0.0792186819374721,159.3473243757293,0.7163929600000001,13.0,1484.0189179089155,44.0,1.0,4,,-0.0246545644361261,-0.0221928810766932,0.0792186819374721,0.9998172221214524,0.0001827778785476,,,,,
2025,Canadian Grand Prix,7,LEC,Ferrari,0.0121165235138075,0.0667785278409576,224.24683323089235,0.7163929600000001,16.5,2650.706068376938,58.0,1.0,4,,0.0132115402707284,0.0121165235138075,0.0667785278409576,0.99966568439929,0.0003343156007098,,,,,
2025,Canadian Grand Prix,7,NOR,McLaren,-0.113321423623475,0.0476215878895905,440.95295287367975,0.7163929600000001,17.25,5449.198946991051,61.0,1.0,4,,-0.1185822307562515,-0.113321423623475,0.0476215878895905,0.9965379707224528,0.0034620292775472,,,,,
2025,Canadian Grand Prix,7,OCO,Haas F1 Team,0.2204400694723826,0.0375041517854552,710.9536769492737,0.7163929600000001,15.0,7639.83313578861,52.0,1.0,4,,0.2263313297367681,0.2204400694723826,0.0375041517854552,0.9998084159468584,0.0001915840531417,,,,,
2025,Canadian Grand Prix,7,PIA,McLaren,0.1191391342920189,0.0469932598748773,452.82339318399255,0.7163929600000001,16.75,5433.691474255432,59.0,1.0,4,,0.1242833974941337,0.1191391342920189,0.0469932598748773,0.9998276621844984,0.0001723378155016,,,,,
2025,Canadian Grand Prix,7,RUS,Mercedes,-0.0337387608106664,0.039038048764379,656.181218306903,0.7163929600000001,16.5,7756.379487108261,58.0,1.0,4,,-0.0347734748665086,-0.0337387608106664,0.039038048764379,0.9971110292198836,0.0028889707801163,,,,,
2025,Canadian Grand Prix,7,SAI,Williams,0.009279577851549,0.0464278520512167,463.9197015372979,0.7163929600000001,14.75,4902.144920752667,51.0,1.0,4,,0.0097353513657955,0.009279577851549,0.0464278520512167,0.9998406877626472,0.0001593122373528,,,,,
2025,Canadian Grand Prix,7,STR,Aston Martin,0.1413083835982321,0.0907870010453299,121.32565910504213,0.7163929600000001,16.5,1434.1279928284996,58.0,1.0,4,,0.1646525061306879,0.1413083835982321,0.0907870010453299,0.9984405677372016,0.0015594322627984,,,,,
2025,Canadian Grand Prix,7,TSU,Red Bull Racing,-0.0311153490395082,0.058493601802081,292.2693484404748,0.7163929600000001,15.5,3245.385406521419,54.0,1.0,4,,-0.0333335730978109,-0.0311153490395082,0.058493601802081,0.9879902856897196,0.0120097143102803,,,,,
2025,Canadian Grand Prix,7,VER,Red Bull Racing,0.0353188432114292,0.0372639741872299,720.1478348258877,0.7163929600000001,16.75,8641.473053727523,59.0,1.0,4,,0.0362636005402743,0.0353188432114292,0.0372639741872299,0.997564799199186,0.002435200800814,,,,,
2025,Austrian Grand Prix,8,ALB,Williams,0.0208206221493554,0.1190506143413604,70.556449488836,0.778688,4.25,233.5012072931416,9.0,1.0,3,,-1.1255730234046755e-05,0.0208206221493554,0.1190506143413604,0.8298624786957993,0.1701375213042006,,,,,
2025,Austrian Grand Prix,8,ALO,Aston Martin,-0.159392600691279,0.0424359952315491,555.3045297442815,0.778688,17.5,7567.1570390065135,62.0,1.0,3,,-0.1649503649073164,-0.159392600691279,0.0424359952315491,0.9778366123039224,0.0221633876960775,,,,,
2025,Austrian Grand Prix,8,ANT,Mercedes,0.0037898318904662,0.2475652301219245,16.31626317666863,0.778688,2.0,25.410556681027487,,1.0,3,,0.0,0.0037898318904662,0.2475652301219245,0.0,1.0,,,,,
2025,Austrian Grand Prix,8,BEA,Haas F1 Team,0.0468026629004824,0.0567958614354217,310.0035149378388,0.778688,16.75,4043.3832854185903,59.0,1.0,3,,0.0483590299258339,0.0468026629004824,0.0567958614354217,0.9303198123231692,0.0696801876768308,,,,,
2025,Austrian Grand Prix,8,BOR,Kick Sauber,-0.0508428805549272,0.0434022629600236,530.8541932742903,0.778688,17.0,7027.2864308903,60.0,1.0,3,,-0.0528850440474057,-0.0508428805549272,0.0434022629600236,0.9650592777928158,0.0349407222071842,,,,,
2025,Austrian Grand Prix,8,COL,Alpine,-0.0252897455154661,0.0682866568654475,214.4511094346054,0.778688,17.0,2838.8385935580386,60.0,1.0,3,,-0.0280160571331676,-0.0252897455154661,0.0682866568654475,0.971226296207497,0.028773703792503,,,,,
2025,Austrian Grand Prix,8,GAS,Alpine,0.0329753904526024,0.057659046431485,300.7911738470611,0.778688,16.75,3923.22649947539,59.0,1.0,3,,0.0349057734517261,0.0329753904526024,0.057659046431485,0.9366628823338036,0.0633371176661962,,,,,
2025,Austrian Grand Prix,8,HAD,Racing Bulls,0.0006076221718544,0.0686249984452108,212.34170722727407,0.778688,17.75,2934.925922883701,63.0,1.0,3,,0.0004376068178576,0.0006076221718544,0.0686249984452108,0.9342176970799372,0.0657823029200627,,,,,
2025,Austrian Grand Prix,8,HAM,Ferrari,-0.1429635444540243,0.0366418626840508,744.8089972981614,0.778688,17.25,10004.548541419912,61.0,1.0,3,,-0.1469259465232341,-0.1429635444540243,0.0366418626840508,0.9661661771049932,0.0338338228950068,,,,,
2025,Austrian Grand Prix,8,HUL,Kick Sauber,0.0556925831676135,0.0558325516556163,320.79312127795964,0.778688,16.5,4121.662941357916,58.0,1.0,3,,0.0589551787524173,0.0556925831676135,0.0558325516556163,0.9668384782710698,0.03316152172893,,,,,
2025,Austrian Grand Prix,8,LAW,Racing Bulls,0.0034364965899985,0.0426037880831865,550.9390660129012,0.778688,17.0,7293.163870402719,60.0,1.0,3,,0.0034736624747641,0.0034364965899985,0.0426037880831865,0.9505005287227328,0.0494994712772673,,,,,
2025,Austrian Grand Prix,8,LEC,Ferrari,0.1513389017937177,0.0389190620108813,660.1996206294489,0.778688,17.25,8868.04425775515,61.0,1.0,3,,0.1557842485058174,0.1513389017937177,0.0389190620108813,0.927815220668285,0.0721847793317149,,,,,
2025,Austrian Grand Prix,8,NOR,McLaren,0.0291570944776316,0.0440913137093146,514.3916642269987,0.778688,16.5,6609.085167854288,58.0,1.0,3,,0.03025955378611,0.0291570944776316,0.0440913137093146,0.9720372758919064,0.0279627241080937,,,,,
2025,Austrian Grand Prix,8,OCO,Haas F1 Team,-0.0018440008254435,0.041574418555035,578.5589708192863,0.778688,16.75,7546.158541811251,59.0,1.0,3,,-0.0026917173951679,-0.0018440008254435,0.041574418555035,0.9737892104578728,0.026210789542127,,,,,
2025,Austrian Grand Prix,8,PIA,McLaren,-0.027732450921106,0.0543903330086884,338.0310265898169,0.778688,17.25,4540.557144572206,61.0,1.0,3,,-0.0294207427779257,-0.027732450921106,0.0543903330086884,0.9997476118777509,0.0002523881222492,,,,,
2025,Austrian Grand Prix,8,RUS,Mercedes,0.0076763071832472,0.0463446363771839,465.5872105862977,0.778688,17.25,6253.938748688647,61.0,1.0,3,,0.0077104438841145,0.0076763071832472,0.0463446363771839,0.916125472250458,0.0838745277495419,,,,,
2025,Austrian Grand Prix,8,SAI,Williams,0.1706219305447331,0.1971679862059543,25.72333054731877,0.778688,2.0,40.06089763446112,,1.0,3,,0.2299533933089037,0.1706219305447331,0.1971679862059543,0.0,1.0,,,,,
2025,Austrian Grand Prix,8,STR,Aston Martin,0.1400441547740238,0.0678667264625872,217.11318421150466,0.778688,17.0,2874.0783301838987,60.0,1.0,3,,0.1534126817726529,0.1400441547740238,0.0678667264625872,0.8354081473591458,0.1645918526408542,,,,,
2025,Austrian Grand Prix,8,TSU,Red Bull Racing,0.0278721615679651,0.0945697234180873,111.81389139241848,0.778688,16.5,1436.6242350995628,58.0,1.0,3,,0.0301129788112102,0.0278721615679651,0.0945697234180873,0.9188533407283658,0.0811466592716343,,,,,
2025,Austrian Grand Prix,8,VER,Red Bull Racing,0.0072207627680936,0.2108144117553,22.500874955883106,0.778688,2.0,35.04232263529341,,1.0,3,,0.0,0.0072207627680936,0.2108144117553,0.0,1.0,,,,,
2025,British Grand Prix,9,ALB,Williams,0.0319387358692846,0.1890447609489851,27.98148168799869,0.8464,4.25,100.6549859280689,9.0,1.0,2,,-1.3717540654114531e-14,0.0319387358692846,0.1890447609489851,0.965286109036091,0.0347138909639089,,,,,
2025,British Grand Prix,9,ALO,Aston Martin,1.0142943710864003,0.1339507767960238,55.73262863080547,0.8464,4.25,200.48141171073345,9.0,1.0,2,,1.218587756970502,1.0142943710864003,0.1339507767960238,0.5812369921043872,0.4187630078956129,,,,,
2025,British Grand Prix,9,ANT,Mercedes,0.0912893858907831,0.624891237087893,2.560891218404855,0.8464,2.25,4.876961236330206,1.0,1.0,2,,0.0260391486172437,0.0912893858907831,0.624891237087893,0.0,1.0,,,,,
2025,British Grand Prix,9,BEA,Haas F1 Team,0.1469894851056408,0.1484740851475082,45.362677865782075,0.8464,4.25,163.1786248187913,9.0,1.0,2,,-1.911721885473546e-14,0.1469894851056408,0.1484740851475082,0.9313301651381268,0.068669834861873,,,,,
2025,British Grand Prix,9,BOR,Kick Sauber,0.127736650452062,1.482411064452329,0.45505375703618767,0.8464,2.0,0.7703149999108585,,1.0,2,,0.0,0.127736650452062,1.482411064452329,0.0,1.0,,,,,
2025,British Grand Prix,9,COL,Alpine,0.1422489391500287,12.653275435503245,0.0062458863325202734,0.8464,2.0,0.01057303638369032,,1.0,2,,0.0,0.1422489391500287,12.653275435503245,0.0,1.0,,,,,
2025,British Grand Prix,9,GAS,Alpine,0.0156757853462095,0.0775605940154897,166.2331930020112,0.8464,4.0,562.7990982276092,8.0,1.0,2,,0.0004420555414129,0.0156757853462095,0.0775605940154897,0.9853246813879302,0.0146753186120699,,,,,
2025,British Grand Prix,9,HAD,Racing Bulls,0.1152065299116041,0.4763728589626257,4.40662384603784,0.8464,2.5,9.324416058216071,2.0,1.0,2,,0.0,0.1152065299116041,0.4763728589626257,0.7029740892346236,0.2970259107653765,,,,,
2025,British Grand Prix,9,HAM,Ferrari,0.0267242227270012,0.2799112664558512,12.763190209748814,0.8464,3.75,40.51036572574274,7.0,1.0,2,,-1.581823418278231e-15,0.0267242227270012,0.2799112664558512,0.7791764921854117,0.2208235078145883,,,,,
2025,British Grand Prix,9,HUL,Kick Sauber,0.020495678733158,0.095797173633236,108.96690305792461,0.8464,4.0,368.91834699290956,8.0,1.0,2,,0.000279021975404,0.020495678733158,0.095797173633236,0.9959412220485596,0.0040587779514403,,,,,
2025,British Grand Prix,9,LAW,Racing Bulls,0.1421810410577381,1.6313598236522966,0.37575128544862707,0.8464,2.0,0.6360717760074359,,1.0,2,,0.2268604080409915,0.1421810410577381,1.6313598236522966,0.0,1.0,,,,,
2025,British Grand Prix,9,LEC,Ferrari,0.0077464544818963,0.0966016268855373,107.15960867427384,0.8464,4.25,385.47454432309786,9.0,1.0,2,,0.0010215166840641,0.0077464544818963,0.0966016268855373,0.9747221167888738,0.0252778832111262,,,,,
2025,British Grand Prix,9,NOR,McLaren,0.0218021661360998,0.174684734655576,32.77102995363012,0.8464,3.5,97.08089913463387,6.0,1.0,2,,0.0046728557510461,0.0218021661360998,0.174684734655576,0.9132683327329396,0.0867316672670604,,,,,
2025,British Grand Prix,9,OCO,Haas F1 Team,0.9169468273285748,0.1486750974865258,45.24009790521383,0.8464,4.0,153.16487546789196,8.0,1.0,2,,1.1099461926316103,0.9169468273285748,0.1486750974865258,0.6182714652959778,0.3817285347040222,,,,,
2025,British Grand Prix,9,PIA,McLaren,0.0294556887112773,0.2686014549047528,13.860639831300274,0.8464,3.75,43.99367082454707,7.0,1.0,2,,-1.1327925802424998e-14,0.0294556887112773,0.2686014549047528,0.7971319128544039,0.2028680871455961,,,,,
2025,British Grand Prix,9,RUS,Mercedes,0.0218567085004765,0.1185283266513387,71.17962466330518,0.8464,5.0,301.2321715751075,12.0,1.0,2,,5.876710027990812e-15,0.0218567085004765,0.1185283266513387,0.9924880909583952,0.0075119090416047,,,,,
2025,British Grand Prix,9,SAI,Williams,0.0809656409972597,0.2557467182913227,15.289027463623958,0.8464,4.25,54.997689592148106,9.0,1.0,2,,0.0866458551182381,0.0809656409972597,0.2557467182913227,0.8997768166431364,0.1002231833568635,,,,,
2025,British Grand Prix,9,STR,Aston Martin,0.2868272454181801,0.3011090938686512,11.029409362922213,0.8464,4.0,37.341168339109444,8.0,1.0,2,,4.7848232893037885e-14,0.2868272454181801,0.3011090938686512,0.9620057313724202,0.0379942686275797,,,,,
2025,British Grand Prix,9,TSU,Red Bull Racing,0.1293531953267088,0.3264551942417471,9.38324019902945,0.8464,4.0,31.767898017834106,8.0,1.0,2,,0.1749217796350211,0.1293531953267088,0.3264551942417471,0.8411775145501973,0.1588224854498028,,,,,
2025,British Grand Prix,9,VER,Red Bull Racing,0.0213951747564891,0.1111569722909698,80.93317577522173,0.8464,4.0,274.0073599045907,8.0,1.0,2,,-1.54583631572073e-14,0.0213951747564891,0.1111569722909698,0.9669205354799528,0.0330794645200472,,,,,
2025,Hungarian Grand Prix,10,ALB,Williams,0.1221054265848994,0.0749811523669186,177.86716321245942,0.92,18.0,2945.480222798328,64.0,1.0,1,,0.1287240355503406,0.1221054265848994,0.0749811523669186,0.7095143869816624,0.2904856130183376,,,,,
2025,Hungarian Grand Prix,10,ALO,Aston Martin,0.0512312731296923,0.0643684109851861,241.35395711612455,0.92,18.75,4163.355760253148,67.0,1.0,1,,0.0550267351210716,0.0512312731296923,0.0643684109851861,0.7231578786890752,0.2768421213109248,,,,,
2025,Hungarian Grand Prix,10,ANT,Mercedes,-0.1697506453604355,0.0892520163067983,125.53474009970857,0.92,18.25,2107.728286274107,65.0,1.0,1,,-0.1948221255134907,-0.1697506453604355,0.0892520163067983,0.9743705165473676,0.0256294834526322,,,,,
2025,Hungarian Grand Prix,10,BEA,Haas F1 Team,0.0067652973076779,0.0599281370390585,278.4443729125717,0.92,13.0,3330.194700034358,44.0,1.0,1,,0.0003835838312807,0.0067652973076779,0.0599281370390585,0.6024489098800638,0.3975510901199361,,,,,
2025,Hungarian Grand Prix,10,BOR,Kick Sauber,0.0457136984425987,0.0365650637456323,747.9409820203557,0.92,18.5,12729.955513986453,66.0,1.0,1,,0.0446499097700361,0.0457136984425987,0.0365650637456323,0.9751557608331314,0.0248442391668685,,,,,
2025,Hungarian Grand Prix,10,COL,Alpine,-0.06282649547668,0.0610680347504933,268.14648716537147,0.92,17.75,4378.8321354105165,63.0,1.0,1,,-0.0700153083036101,-0.06282649547668,0.0610680347504933,0.5104084377433593,0.4895915622566405,,,,,
2025,Hungarian Grand Prix,10,GAS,Alpine,0.1265786015083205,0.0708108889615168,199.43432466021648,0.92,18.25,3348.5023110450347,65.0,1.0,1,,0.1359072215261587,0.1265786015083205,0.0708108889615168,0.8219177907947559,0.178082209205244,,,,,
2025,Hungarian Grand Prix,10,HAD,Racing Bulls,-0.04416763341123,0.0555499995378293,324.06481511367286,0.92,18.25,5441.048245758568,65.0,1.0,1,,-0.0477666146626329,-0.04416763341123,0.0555499995378293,0.7125782197444606,0.2874217802555394,,,,,
2025,Hungarian Grand Prix,10,HAM,Ferrari,0.0357040796748695,0.0775247562814193,166.38691932719607,0.92,18.5,2831.905366948877,66.0,1.0,1,,0.0391947570491636,0.0357040796748695,0.0775247562814193,0.8164396549270068,0.1835603450729931,,,,,
2025,Hungarian Grand Prix,10,HUL,Kick Sauber,0.1247377174587204,0.0722227227300792,191.7133191338379,0.92,18.0,3174.7725648563555,64.0,1.0,1,,0.1288314822500753,0.1247377174587204,0.0722227227300792,0.4792295102695955,0.5207704897304045,,,,,
2025,Hungarian Grand Prix,10,LAW,Racing Bulls,0.0727875744892808,0.0385982367484192,671.2202786960237,0.92,18.25,11269.788479306239,65.0,1.0,1,,0.0745348413723004,0.0727875744892808,0.0385982367484192,0.922549763857656,0.077450236142344,,,,,
2025,Hungarian Grand Prix,10,LEC,Ferrari,-0.0263431868459399,0.0886845257090154,127.14646920680642,0.92,18.25,2134.7892179822798,65.0,1.0,1,,-0.0315351696029956,-0.0263431868459399,0.0886845257090154,0.7818495758638145,0.2181504241361854,,,,,
2025,Hungarian Grand Prix,10,NOR,McLaren,-0.0280952636672289,0.0379525503207965,694.2534881651118,0.92,18.5,11816.194368570203,66.0,1.0,1,,-0.0289620523159414,-0.0280952636672289,0.0379525503207965,0.8367963848535611,0.1632036151464389,,,,,
2025,Hungarian Grand Prix,10,OCO,Haas F1 Team,0.1884033914430052,0.0550480998598728,330.0010598313265,0.92,18.5,5616.618038329177,66.0,1.0,1,,0.1940270390658704,0.1884033914430052,0.0550480998598728,0.4908799120715122,0.5091200879284878,,,,,
2025,Hungarian Grand Prix,10,PIA,McLaren,0.0307067493074347,0.0392520191847545,649.0467732038381,0.92,18.25,10897.495322092442,65.0,1.0,1,,0.0315915379549276,0.0307067493074347,0.0392520191847545,0.8544651009286227,0.1455348990713773,,,,,
2025,Hungarian Grand Prix,10,RUS,Mercedes,0.1558648750163961,0.0487447017678052,420.8672815515504,0.92,17.75,6872.762707736819,63.0,1.0,1,,0.1638601951805171,0.1558648750163961,0.0487447017678052,0.775159640429014,0.224840359570986,,,,,
2025,Hungarian Grand Prix,10,SAI,Williams,0.0063349214410911,0.0770323476761141,168.52088544025193,0.92,17.75,2751.9460592393143,63.0,1.0,1,,-0.0004190004767006,0.0063349214410911,0.0770323476761141,0.7587525263975575,0.2412474736024425,,,,,
2025,Hungarian Grand Prix,10,STR,Aston Martin,-0.0449765937562997,0.0399318985844276,627.133616525644,0.92,18.5,10673.814153266461,66.0,1.0,1,,-0.0465840782547414,-0.0449765937562997,0.0399318985844276,0.8519239885047114,0.1480760114952886,,,,,
2025,Hungarian Grand Prix,10,TSU,Red Bull Racing,0.3753605552714216,0.0054835366561548,33256.6498625285,0.92,17.5,535432.0627867089,62.0,1.0,1,,0.3754756209503647,0.3753605552714216,0.0054835366561548,0.0067435253577616,0.9932564746422384,,,,,
2025,Hungarian Grand Prix,10,VER,Red Bull Racing,0.0123210040833997,0.0640763031594347,243.55951752570056,0.92,18.25,4089.364299256513,65.0,1.0,1,,-0.0017785969621316,0.0123210040833997,0.0640763031594347,0.6161791219231252,0.3838208780768748,,,,,
2025,Dutch Grand Prix,11,ALB,Williams,0.0168092553694603,0.0470863456199254,451.0347753804178,1.0,15.0,6765.5216307062665,52.0,1.0,0,,0.0166525699362443,0.0168092553694603,0.0470863456199254,0.8271604887734485,0.1728395112265515,,,,,
2025,Dutch Grand Prix,11,ALO,Aston Martin,-0.0068041200538117,0.0776209709541475,165.97468688688954,1.0,13.75,2282.1519446947314,47.0,1.0,0,,-0.0081095040633565,-0.0068041200538117,0.0776209709541475,0.7469745675812919,0.2530254324187082,,,,,
2025,Dutch Grand Prix,11,ANT,Mercedes,0.0667878299296747,0.0468844396927105,454.92786581361736,1.0,15.0,6823.9179872042605,52.0,1.0,0,,0.0704151307003512,0.0667878299296747,0.0468844396927105,0.4112608182003181,0.5887391817996819,,,,,
2025,Dutch Grand Prix,11,BEA,Haas F1 Team,-0.2633953103074664,0.0541089590785291,341.55578184858007,1.0,14.0,4781.780945880121,48.0,1.0,0,,-0.2848824685618036,-0.2633953103074664,0.0541089590785291,0.9402570528126896,0.0597429471873105,,,,,
2025,Dutch Grand Prix,11,BOR,Kick Sauber,0.0934648459082149,0.0256241948281397,1522.9987417300076,1.0,13.75,20941.232698787604,47.0,1.0,0,,0.0938525024180824,0.0934648459082149,0.0256241948281397,0.0662062183239745,0.9337937816760256,,,,,
2025,Dutch Grand Prix,11,COL,Alpine,0.1039506387010551,0.0577180083827421,300.1769400474272,1.0,13.25,3977.3444556284103,45.0,1.0,0,,0.103758837411309,0.1039506387010551,0.0577180083827421,0.5214912121626205,0.4785087878373794,,,,,
2025,Dutch Grand Prix,11,GAS,Alpine,0.1135364630523115,0.0566234183818398,311.8945824742299,1.0,14.75,4600.445091494891,51.0,1.0,0,,0.113966551198466,0.1135364630523115,0.0566234183818398,0.8865734435316266,0.1134265564683734,,,,,
2025,Dutch Grand Prix,11,HAD,Racing Bulls,-0.0101530146759176,0.0400598704645808,623.133240168281,1.0,15.5,9658.565222608355,54.0,1.0,0,,-0.010654270735719,-0.0101530146759176,0.0400598704645808,0.6502633053005734,0.3497366946994266,,,,,
2025,Dutch Grand Prix,11,HAM,Ferrari,-0.2330204948259418,0.0530086548528107,355.8823359783236,1.0,7.25,2580.1469358428462,21.0,1.0,0,,-0.2429129689788584,-0.2330204948259418,0.0530086548528107,0.8198384187273595,0.1801615812726406,,,,,
2025,Dutch Grand Prix,11,HUL,Kick Sauber,0.0389402500187767,0.0830012914295352,145.154431984655,1.0,14.5,2104.7392637774974,50.0,1.0,0,,0.035495012183462,0.0389402500187767,0.0830012914295352,0.5207664227504144,0.4792335772495856,,,,,
2025,Dutch Grand Prix,11,LAW,Racing Bulls,0.0177172421840203,0.071310084760548,196.65187639721216,1.0,12.5,2458.1484549651523,42.0,1.0,0,,0.018963382464959,0.0177172421840203,0.071310084760548,0.8062418798006836,0.1937581201993164,,,,,
2025,Dutch Grand Prix,11,LEC,Ferrari,0.119430087171072,0.0382302454213907,684.204345259218,1.0,12.25,8381.503229425422,41.0,1.0,0,,0.124587106202365,0.119430087171072,0.0382302454213907,0.7538155652383034,0.2461844347616965,,,,,
2025,Dutch Grand Prix,11,NOR,McLaren,-0.0368989182810747,0.0579971662354366,297.2942102203358,1.0,14.25,4236.442495639785,49.0,1.0,0,,-0.0397446907335103,-0.0368989182810747,0.0579971662354366,0.7677496062539416,0.2322503937460582,,,,,
2025,Dutch Grand Prix,11,OCO,Haas F1 Team,0.4770874698043358,0.0491690776453567,413.63366396026356,1.0,14.75,6101.096543413888,51.0,1.0,0,,0.4951483606744014,0.4770874698043358,0.0491690776453567,0.4408277677068818,0.5591722322931182,,,,,
2025,Dutch Grand Prix,11,PIA,McLaren,0.0458914664324458,0.0527075929635427,359.95949441905833,1.0,15.5,5579.3721634954045,54.0,1.0,0,,0.0481410973856832,0.0458914664324458,0.0527075929635427,0.7554596472189392,0.2445403527810609,,,,,
2025,Dutch Grand Prix,11,RUS,Mercedes,-0.1017877839272686,0.0353148237254985,801.8366711943123,1.0,14.5,11626.631732317528,50.0,1.0,0,,-0.1039345454071433,-0.1017877839272686,0.0353148237254985,0.6200193830344413,0.3799806169655588,,,,,
2025,Dutch Grand Prix,11,SAI,Williams,0.0225256870735743,0.0581575252393817,295.65699896596243,1.0,14.0,4139.197985523474,48.0,1.0,0,,0.0226733516141026,0.0225256870735743,0.0581575252393817,0.4701328618579226,0.5298671381420774,,,,,
2025,Dutch Grand Prix,11,STR,Aston Martin,0.0097494119130718,0.0873676153548728,131.00836778265867,1.0,11.75,1539.3483214462394,47.0,,0,,0.0106227144281914,0.0097494119130718,0.0873676153548728,1.0,0.0,,,,,
2025,Dutch Grand Prix,11,TSU,Red Bull Racing,0.4313884991331127,0.040014803706983,624.5376408462142,1.0,14.25,8899.661382058553,49.0,1.0,0,,0.4384493938941352,0.4313884991331127,0.040014803706983,0.3517744104053964,0.6482255895946035,,,,,
2025,Dutch Grand Prix,11,VER,Red Bull Racing,0.0001369091156308,0.0490232233611293,416.0986177252255,1.0,15.0,6241.479265878383,52.0,1.0,0,,-0.0099934711944064,0.0001369091156308,0.0490232233611293,0.5114198502256153,0.4885801497743846,,,,,
