year,gp,driver,team,race_delta_s,race_se_s,race_n,race_model,quali_delta_s,quali_se_s,quali_k,event_delta_s,event_se_s,event_wR_eff,event_wQ_eff,race_delta_s_shrunk,race_shrink_w,race_tau2,quali_delta_s_shrunk,quali_shrink_w,quali_tau2,event_delta_s_shrunk,event_shrink_w,event_tau2
2025,Hungarian Grand Prix,PIA,McLaren,-0.6088904747596153,0.04270483753928172,65.0,"ols_team(fe+spline,clustered)",0.05100000000000193,0.10068068335087874,1.0,-0.5082705889619658,0.039314443705942836,0.8475203239836078,0.15247967601639226,-0.5916601827722561,0.9716111262098693,0.062416363671938035,0.1511745200414417,9.864267676767765e-05,1e-06,-0.49421928009889815,0.9734546342211536,0.056680186764625606
2025,Hungarian Grand Prix,STR,Aston Martin,-0.500723174124053,0.0433057117669193,66.0,"ols_team(fe+spline,clustered)",0.0,0.21784511572317605,1.0,-0.4816878447931504,0.04247458837843836,0.9619843252427805,0.03801567475721939,-0.4861740084452817,0.9708300875313367,0.062416363671938035,0.15119259599218396,2.107148747961501e-05,1e-06,-0.4661803534865967,0.9691525528325607,0.056680186764625606
2025,Hungarian Grand Prix,BOR,Kick Sauber,-0.12598026160037878,0.037139293170529275,66.0,"ols_team(fe+spline,clustered)",0.0,0.24001121501574407,1.0,-0.1230342780180198,0.03670248278935275,0.97661551464543,0.023384485354570023,-0.1232985577151335,0.978378992678395,0.062416363671938035,0.15120318879391956,1.7359187335431165e-05,1e-06,-0.11968799153145394,0.9767855269067944,0.056680186764625606
2025,Hungarian Grand Prix,RUS,Mercedes,-0.08034551711309523,0.05548372299515517,63.0,"ols_team(fe+spline,clustered)",0.0,0.14137807467921046,1.0,-0.06962250688201882,0.05164872417779841,0.8665387862774896,0.13346121372251032,-0.07666065465679064,0.952997135963718,0.062416363671938035,0.1511980632608331,5.002811580107918e-05,1e-06,-0.06554631795100756,0.9550515483015172,0.056680186764625606
2025,Hungarian Grand Prix,LEC,Ferrari,-0.07224496694711538,0.1004181353044618,65.0,"ols_team(fe+spline,clustered)",0.0,0.2074967737366319,1.0,-0.05853549049256073,0.09038950022391597,0.8102362415835801,0.18976375841642,-0.06246772662658687,0.8609133949039848,0.062416363671938035,0.15119746706628936,2.3225614652988726e-05,1e-06,-0.048506626657664254,0.8740137973171488,0.056680186764625606
2025,Hungarian Grand Prix,BEA,Haas F1 Team,-0.058837890625,0.07723020185378986,44.0,"ols_team(fe+spline,clustered)",0.0,0.2014367146276968,1.0,-0.05129750853720913,0.07211187017393095,0.8718447924000357,0.1281552075999643,-0.053876017029426564,0.9127752502329187,0.062416363671938035,0.15119656141041796,2.46440475383676e-05,1e-06,-0.04521776175588112,0.9159648369744009,0.056680186764625606
2025,Hungarian Grand Prix,TSU,Red Bull Racing,-0.04274626701108871,0.06658423247080902,62.0,"ols_team(fe+spline,clustered)",0.35200000000000387,0.31750000000000256,1.0,-0.026116690683547706,0.0651666365314747,0.9578727458185851,0.04212725418141498,-0.040040595283943776,0.9336803035626039,0.062416363671938035,0.15120283958612749,9.919921434222081e-06,1e-06,-0.022829174525788164,0.9302985692634829,0.056680186764625606
2025,Hungarian Grand Prix,COL,Alpine,-0.033561585441468256,0.08544136752404054,63.0,"ols_team(fe+spline,clustered)",0.0,0.30517358448376086,1.0,-0.031122031413623834,0.08227746924658005,0.9273111208617058,0.07268887913829429,-0.030251319098050605,0.8952870875606579,0.062416363671938035,0.15119658800011165,1.073745753111844e-05,1e-06,-0.02555551353664072,0.8933080122555499,0.056680186764625606
2025,Hungarian Grand Prix,LAW,Racing Bulls,-0.012715970552884615,0.040297212416105434,65.0,"ols_team(fe+spline,clustered)",0.16100000000000136,0.15548577998575258,1.0,-0.0017820675631495626,0.03900842460357252,0.9370587346981645,0.06294126530183558,-0.012442924890937868,0.9746430430706705,0.062416363671938035,0.15119272761838387,4.1361919321737916e-05,1e-06,-0.001185310474480887,0.973855515793666,0.056680186764625606
2025,Hungarian Grand Prix,SAI,Williams,-0.0009212493896484375,0.08844331308395836,64.0,"ols_team(fe+spline,clustered)",0.0,0.4726364988021968,1.0,-0.0008900816477107058,0.08693433164220057,0.9661679646272268,0.03383203537277325,-0.0010356775992538818,0.8886335791295371,0.062416363671938035,0.1512008013986735,4.476551064510433e-06,1e-06,0.0016919003528051424,0.8823499222981797,0.056680186764625606
2025,Hungarian Grand Prix,ALB,Williams,0.0008068084716796875,0.08896819390049493,64.0,"ols_team(fe+spline,clustered)",0.570999999999998,0.3741804377569749,1.0,0.03131707946720837,0.08655518673579918,0.9464913446024312,0.05350865539756871,0.0004966905722323879,0.8874570191532405,0.062416363671938035,0.15120447656368408,7.142244950432751e-06,1e-06,0.030119166681115722,0.8832543499489027,0.056680186764625606
2025,Hungarian Grand Prix,HAD,Racing Bulls,0.012777944711538461,0.06580464798337927,65.0,"ols_team(fe+spline,clustered)",0.0,0.11248315429432254,1.0,0.009519824468372254,0.05679898020558289,0.7450200077776099,0.25497999222239015,0.011822591601252529,0.9351240258051725,0.062416363671938035,0.15118037325996633,7.902976735216855e-05,1e-06,0.010140395425342312,0.9461471737616607,0.056680186764625606
2025,Hungarian Grand Prix,GAS,Alpine,0.03247258112980769,0.07826432612641797,65.0,"ols_team(fe+spline,clustered)",0.09099999999999397,0.37850000000000256,1.0,0.034872367893003735,0.07664300511712935,0.9589972219940408,0.04100277800595926,0.02939647454101283,0.9106338540397129,0.062416363671938035,0.15119779129150945,6.980157158238324e-06,1e-06,0.03357454025302224,0.906095236313172,0.056680186764625606
2025,Hungarian Grand Prix,OCO,Haas F1 Team,0.03919566761363636,0.0785723980223159,66.0,"ols_team(fe+spline,clustered)",0.3289999999999935,0.3800000000000026,1.0,0.0510778439442842,0.07694477894630726,0.9589993143552908,0.041000685644709184,0.035492080281461905,0.9099923743282379,0.062416363671938035,0.15120151888891376,6.925159798062244e-06,1e-06,0.0482379554494192,0.905424374603728,0.056680186764625606
2025,Hungarian Grand Prix,VER,Red Bull Racing,0.04086726262019231,0.08154866579925728,65.0,"ols_team(fe+spline,clustered)",0.0,0.12734138281712712,1.0,0.028981725057235293,0.06867381935495363,0.7091672698164904,0.29083273018350964,0.036744642772070644,0.9037133745386919,0.062416363671938035,0.15119152397366348,6.16643411216525e-05,1e-06,0.028372380806040848,0.9231860065923546,0.056680186764625606
2025,Hungarian Grand Prix,HAM,Ferrari,0.07109485973011363,0.08547440599182497,66.0,"ols_team(fe+spline,clustered)",0.3299999999999983,0.11548403569324894,1.0,0.16272785790299196,0.06870329466276462,0.6460750138936623,0.35392498610633766,0.06344093782910688,0.8952145783719002,0.062416363671938035,0.15121438447643565,7.497621848070293e-05,1e-06,0.15183772654757757,0.9231251242645396,0.056680186764625606
2025,Hungarian Grand Prix,ANT,Mercedes,0.07789400540865385,0.0902906144903014,65.0,"ols_team(fe+spline,clustered)",0.49200000000000443,0.21768810512086065,1.0,0.13867767302597042,0.08340121758983582,0.853217126988709,0.14678287301129106,0.0686702149711126,0.8844758614017564,0.062416363671938035,0.15121281920021237,2.1101894012220445e-05,1e-06,0.12582177383579365,0.8906944406304962,0.056680186764625606
2025,Hungarian Grand Prix,HUL,Kick Sauber,0.12999534606933594,0.10432992780559341,64.0,"ols_team(fe+spline,clustered)",0.49500000000000455,0.0929999999999964,1.0,0.33338597994813984,0.06942233589052946,0.44277249155996445,0.5572275084400357,0.11040263159841901,0.8515065366551514,0.062416363671938035,0.15124555859661107,0.00011560693641619393,1e-06,0.30891444437067034,0.9216343358445537,0.056680186764625606
2025,Hungarian Grand Prix,ALO,Aston Martin,0.493315283931903,0.07586809649404885,67.0,"ols_team(fe+spline,clustered)",0.15200000000000102,0.15443911421657458,1.0,0.42696027337952175,0.06809516793274058,0.8055902748099022,0.19440972519009786,0.45149873013372216,0.9155673875467822,0.062416363671938035,0.15119581562859608,4.192443204971872e-05,1e-06,0.39626266024817547,0.9243775558173306,0.056680186764625606
2025,Hungarian Grand Prix,NOR,McLaren,0.5995631362452651,0.04161089236147078,66.0,"ols_team(fe+spline,clustered)",0.0,0.14864499094599,1.0,0.5559935668444376,0.04007047138458528,0.9273311403471536,0.0726688596528464,0.5833271435592314,0.973008184966324,0.062416363671938035,0.15117756044070144,4.525637737784524e-05,1e-06,0.541257393920134,0.9724522633997784,0.056680186764625606
2025,Belgian Grand Prix,LAW,Racing Bulls,-0.25500167043585525,0.07517301994808949,38.0,"ols_team(fe+spline,clustered)",0.015999999999991132,0.12444456597216347,1.0,-0.18255078113761794,0.06434455678178665,0.7326551929303018,0.2673448070696982,-0.09752973829543274,0.3892616852320361,0.0036017244777766643,0.17647836525584704,6.456840861471647e-05,1e-06,-0.09767425618805663,0.6463529776618113,0.007566993755730325
2025,Belgian Grand Prix,NOR,McLaren,-0.1729736328125,0.10200279841257187,37.0,"ols_team(fe+spline,clustered)",0.0,6.099766345474864,1.0,-0.17292527615741965,0.10198853942164213,0.9997204391542568,0.00027956084574331147,-0.0423763942058621,0.25715040164060066,0.0036017244777766643,0.17649998697847358,2.6876554301645628e-08,1e-06,-0.0395645383698357,0.42112185717128775,0.007566993755730325
2025,Belgian Grand Prix,BEA,Haas F1 Team,-0.11044224330357143,0.1075798791759523,35.0,"ols_team(fe+spline,clustered)",0.09199999999999875,0.09633333333333383,1.0,0.0019104336727494044,0.07176583293432064,0.445013673317957,0.5549863266820431,-0.024053727556149124,0.23734350693300407,0.0036017244777766643,0.1764810755011026,0.00010774572010056157,1e-06,0.024405885156273066,0.5950144117453603,0.007566993755730325
2025,Belgian Grand Prix,HAM,Ferrari,-0.09142736486486487,0.08745892089623684,37.0,"ols_team(fe+spline,clustered)",0.7639999999999958,0.1374999999999957,1.0,0.15497220538199327,0.07379570764102485,0.7119573439344157,0.2880426560655843,-0.027343703870361898,0.3201308828137111,0.0036017244777766643,0.17654958930237058,5.2889764508326824e-05,1e-06,0.1141727909914514,0.5815038751578404,0.007566993755730325
2025,Belgian Grand Prix,RUS,Mercedes,-0.07870895798141891,0.08655426050328881,37.0,"ols_team(fe+spline,clustered)",0.0,0.20375220516870574,1.0,-0.0666767181330251,0.07966425086271668,0.8471299816822082,0.15287001831779182,-0.023642116954830983,0.32467377064303093,0.0036017244777766643,0.1765039690079361,2.4087121512703784e-05,1e-06,-0.010051207678549633,0.543864262650058,0.007566993755730325
2025,Belgian Grand Prix,ALO,Aston Martin,-0.034857855902777776,0.16167037231229564,36.0,"ols_team(fe+spline,clustered)",0.0,0.05749999999999744,1.0,-0.003914227385639404,0.05417552503143111,0.11229111155191518,0.8877088884480848,-0.001732836483850253,0.12111101210204162,0.0036017244777766643,0.17640560311429174,0.0003023660140600465,1e-06,0.013235361796128928,0.7205301135578,0.007566993755730325
2025,Belgian Grand Prix,HUL,Kick Sauber,-0.009945140165441176,0.1355687524266867,34.0,"ols_team(fe+spline,clustered)",0.37099999999999517,0.10258045622826986,1.0,0.2323023018604078,0.08180182774112052,0.3640883778681464,0.6359116221318536,0.0007381100825798567,0.16385916021053612,0.0036017244777766643,0.17651896832771907,9.502316189571218e-05,1e-06,0.15025834497763857,0.5306993274694686,0.007566993755730325
2025,Belgian Grand Prix,ALB,Williams,-0.009475295608108109,0.049873932475774506,37.0,"ols_team(fe+spline,clustered)",0.0,0.14978883284292252,1.0,-0.008529667340071982,0.04731984092106731,0.9002006578848113,0.09979934211518861,-0.0044481160628697825,0.5915003190122116,0.0036017244777766643,0.17650040709351233,4.456785889815765e-05,1e-06,0.006544714200304877,0.7716570917160299,0.007566993755730325
2025,Belgian Grand Prix,TSU,Red Bull Racing,-0.006569310238486842,0.10735277877289778,38.0,"ols_team(fe+spline,clustered)",0.34199999999999875,0.21802875957084122,1.0,0.061447108581297843,0.09631104417643871,0.8048697437727695,0.19513025622723046,0.0005930928413780327,0.23810939218811586,0.0036017244777766643,0.17650324513005794,2.1036006490870297e-05,1e-06,0.0592482284581054,0.4492714287408066,0.007566993755730325
2025,Belgian Grand Prix,COL,Alpine,-0.002234564887152778,0.10103370303411957,36.0,"ols_team(fe+spline,clustered)",0.38900000000001,0.26149999999999807,1.0,0.048581630112981125,0.09424409669660401,0.8701132273044689,0.12988677269553103,0.0015103659158533006,0.26081434573927736,0.0036017244777766643,0.17650400040771294,1.4623464079288636e-05,1e-06,0.0533717618818298,0.4600291652470437,0.007566993755730325
2025,Belgian Grand Prix,GAS,Alpine,0.0023325327280405406,0.11473729075368237,37.0,"ols_team(fe+spline,clustered)",0.0,0.11066503512853618,1.0,0.001124139158326981,0.07965274662534194,0.48193928634447136,0.5180607136555286,0.002724491448537936,0.21481837743530363,0.0036017244777766643,0.1764864820515991,8.164764956828708e-05,1e-06,0.0268135834516461,0.5439359157245491,0.007566993755730325
2025,Belgian Grand Prix,VER,Red Bull Racing,0.0065225137246621625,0.07165362468472143,37.0,"ols_team(fe+spline,clustered)",0.0,0.21341991472212746,1.0,0.0058617670304196,0.0679273920148395,0.8986975386890756,0.10130246131092442,0.004353267433799769,0.4122868964309707,0.0036017244777766643,0.17649588872844668,2.1954349881204938e-05,1e-06,0.025404733237327407,0.6212065112779359,0.007566993755730325
2025,Belgian Grand Prix,BOR,Kick Sauber,0.009386217271959459,0.08404313083364348,37.0,"ols_team(fe+spline,clustered)",0.0,0.25197446960621483,1.0,0.00844655657659067,0.07972541137886066,0.8998893091708043,0.10011069082919562,0.005045270667831286,0.337715314240885,0.0036017244777766643,0.1764977064893442,1.574998267501907e-05,1e-06,0.030831393541464632,0.543483473310911,0.007566993755730325
2025,Belgian Grand Prix,SAI,Williams,0.009874131944444444,0.0866655837780226,36.0,"ols_team(fe+spline,clustered)",0.49000000000000915,0.10332634384963534,1.0,0.20815519617882322,0.06640092514365312,0.5870227425208595,0.4129772574791405,0.005113854249498612,0.32411037528009073,0.0036017244777766643,0.17653763417820126,9.365634365634593e-05,1e-06,0.15268547356016443,0.6318424638193744,0.007566993755730325
2025,Belgian Grand Prix,STR,Aston Martin,0.033177425986842105,0.09903411753675774,38.0,"ols_team(fe+spline,clustered)",0.11699999999999022,0.09050000000000581,1.0,0.0788553399654666,0.06680688368787502,0.4550642888697308,0.5449357111302693,0.010982491195827367,0.2685953692659305,0.0036017244777766643,0.17645169946797212,0.00012208148939415493,1e-06,0.07091418719054197,0.6290022632288444,0.007566993755730325
2025,Belgian Grand Prix,ANT,Mercedes,0.0835205078125,0.13583448851734437,35.0,"ols_team(fe+spline,clustered)",0.8849999999999909,0.29650000000000176,1.0,0.222554465399213,0.1234920309433509,0.8265283654267368,0.1734716345732632,0.01601042677534015,0.16332327239644542,0.0036017244777766643,0.1765162795703544,1.1374849638706204e-05,1e-06,0.11221440117729523,0.3316344130679213,0.007566993755730325
2025,Belgian Grand Prix,LEC,Ferrari,0.09158902554898649,0.08397358742611259,37.0,"ols_team(fe+spline,clustered)",0.0,0.15962482054283803,1.0,0.07173617811595967,0.07431733119726569,0.7832398880321256,0.21676011196787426,0.03283912231678797,0.3380857181462274,0.0036017244777766643,0.17651159011132617,3.924479924649999e-05,1e-06,0.06572179548615337,0.5780717629211699,0.007566993755730325
2025,Belgian Grand Prix,OCO,Haas F1 Team,0.10163638466282894,0.10495282408703972,38.0,"ols_team(fe+spline,clustered)",0.0,0.20944465259347084,1.0,0.08123750629190339,0.09383131803185793,0.7992955137218105,0.20070448627818946,0.02717753568746785,0.24640958406242566,0.0036017244777766643,0.17648615575194662,2.2795627228806994e-05,1e-06,0.06844846059323537,0.4622106450883808,0.007566993755730325
2025,Belgian Grand Prix,PIA,McLaren,0.1776665581597222,0.12281464714592884,36.0,"ols_team(fe+spline,clustered)",0.06400000000000716,5.711220794720634,1.0,0.17761402006053037,0.12278626063545788,0.9995377875424184,0.0004622124575815595,0.036532956577356224,0.19275853598339637,0.0036017244777766643,0.17649998827317423,3.0657877616476746e-08,1e-06,0.0976081801060306,0.33418010780667673,0.007566993755730325
2025,Belgian Grand Prix,HAD,Racing Bulls,0.31257481728830644,0.12713063335973235,31.0,"ols_team(fe+spline,clustered)",0.0,0.21048145867140855,1.0,0.22902357364418738,0.1088211500073148,0.732700016050702,0.267299983949298,0.059282762541004105,0.1822373313315662,0.0036017244777766643,0.17648474412314408,2.2571608427737287e-05,1e-06,0.12434298678337778,0.38986962476533144,0.007566993755730325
2025,British Grand Prix,HAM,Ferrari,-0.7421439034598214,0.17927710014234782,28.0,"ols_team(fe+spline,clustered)",0.0,5.38333389987571,1.0,-0.7413217483818317,0.17917777006549856,0.9988921891372322,0.0011078108627677694,0.0017326354452579884,3.1112639025414354e-05,1e-06,0.2479499761168566,3.450621704463054e-08,1e-06,0.13576830665158957,3.114714309533347e-05,1e-06
2025,British Grand Prix,STR,Aston Martin,-0.14332932692307693,0.20343713914864545,26.0,"ols_team(fe+spline,clustered)",0.9530000000000031,0.43599999999999994,1.0,0.052682839737359516,0.18435608976159717,0.8212105050491011,0.17878949495089896,0.0017531222759155276,2.4161785624257063e-05,1e-06,0.24795830897340831,5.260472285201767e-06,1e-06,0.13579361906909046,2.9422003708391162e-05,1e-06
2025,British Grand Prix,NOR,McLaren,-0.053643588362068964,0.11642066029233822,29.0,"ols_team(fe+spline,clustered)",0.015000000000000567,4.8900584787065755,1.0,-0.05360470302217911,0.11638768053152482,0.9994335182525023,0.0005664817474976478,0.0017524484430176727,7.377476633371792e-05,1e-06,0.24794996965508528,4.1818829836768986e-08,1e-06,0.1357792926194642,7.381657899343363e-05,1e-06
2025,British Grand Prix,VER,Red Bull Racing,-0.014447893415178572,0.13376854618752534,28.0,"ols_team(fe+spline,clustered)",0.0,0.1735282397767001,1.0,-0.00906251340973209,0.10594392867883874,0.627255001771487,0.37274499822851304,0.0017557718666695204,5.588145636703361e-05,1e-06,0.24794178786063453,3.320819378973576e-05,1e-06,0.13578453921949746,8.908593887762353e-05,1e-06
2025,British Grand Prix,RUS,Mercedes,-0.008335658482142858,0.24635328702600476,28.0,"ols_team(fe+spline,clustered)",0.0,3.7318231587838357,1.0,-0.008299490353714172,0.24581824689920692,0.9956610352372081,0.004338964762791977,0.0017568109141543596,1.6476923352584082e-05,1e-06,0.24794996057619148,7.180552433290709e-08,1e-06,0.13580456114405834,1.654872651066833e-05,1e-06
2025,British Grand Prix,OCO,Haas F1 Team,-0.0061492919921875,0.2564719900190157,32.0,"ols_team(fe+spline,clustered)",0.4789999999999992,0.2040147053523338,1.0,0.29098411470868246,0.15966124541900306,0.38754232644401077,0.6124576735559892,0.0017565970387278113,1.520244757433316e-05,1e-06,0.24795498768118382,2.4025178386949765e-05,1e-06,0.13581310452071602,3.922689549258043e-05,1e-06
2025,British Grand Prix,SAI,Williams,-0.0010775862068965517,0.14789419933965012,29.0,"ols_team(fe+spline,clustered)",0.0,0.16671851276927738,1.0,-0.0006030386303080779,0.1106363133101606,0.5596198489258963,0.44038015107410355,0.0017565570082634454,4.571701473622045e-05,1e-06,0.24792387973680316,3.5976318588289636e-05,1e-06,0.1357810365099528,8.169004399909405e-05,1e-06
2025,British Grand Prix,HUL,Kick Sauber,-9.260506465517241e-05,0.1490650192623034,29.0,"ols_team(fe+spline,clustered)",0.1280000000000001,0.45150000000000295,1.0,0.012497447769217001,0.1415498788146292,0.9017113218400289,0.098288678159971,0.001756617064955452,4.500170563011232e-05,1e-06,0.24794784127282868,4.905489610786126e-06,1e-06,0.135797855024361,4.990675374111677e-05,1e-06
2025,British Grand Prix,HAD,Racing Bulls,-8.138020833333333e-05,0.5190860175798597,3.0,"ols_team(fe+spline,clustered)",0.0,0.11115107961688687,1.0,-3.5677769498513487e-06,0.10868729485606599,0.04384084315977337,0.9561591568402267,0.0017567698687611382,3.711245867352831e-06,1e-06,0.2479382545737859,8.093520630890244e-05,1e-06,0.13582687454017492,8.464585146078052e-05,1e-06
2025,British Grand Prix,GAS,Alpine,-1.808449074074074e-05,0.15881056608865815,27.0,"ols_team(fe+spline,clustered)",0.0,5.370982817791578,1.0,-1.8068693617169553e-05,0.15874118901103568,0.9991264822550076,0.0008735177449923987,0.0017566427744700503,3.9648247250485836e-05,1e-06,0.24795000065319098,3.4665100120549397e-08,1e-06,0.13580045274665145,3.968290960184001e-05,1e-06
2025,British Grand Prix,ALB,Williams,0.0008348034274193549,0.23586004411640837,31.0,"ols_team(fe+spline,clustered)",0.14300000000000068,0.11504129693288405,1.0,0.11567842828039741,0.10339762662194102,0.1921818586988304,0.8078181413011696,0.001756670011349699,1.7975601942143794e-05,1e-06,0.24792487131355287,7.55543802651959e-05,1e-06,0.13579029745717144,9.352726606343313e-05,1e-06
2025,British Grand Prix,BEA,Haas F1 Team,0.006507610452586207,0.1715324408528675,29.0,"ols_team(fe+spline,clustered)",0.0,0.13554425271638915,1.0,0.0025014719592858043,0.10634897609829927,0.3843917790579625,0.6156082209420375,0.0017568786905437317,3.39854249763858e-05,1e-06,0.24793594151395917,5.4426968683931934e-05,1e-06,0.13579523203571126,8.84086943765276e-05,1e-06
2025,British Grand Prix,TSU,Red Bull Racing,0.014247349330357142,0.22826819080982536,28.0,"ols_team(fe+spline,clustered)",0.9339999999999975,6.3325962653559404,1.0,0.015440881983372672,0.22812003468194256,0.9987023330107865,0.0012976669892134163,0.001756917111974447,1.9191144339265607e-05,1e-06,0.24795003894073012,2.4936551152477295e-08,1e-06,0.13579513142350716,1.9216079933305377e-05,1e-06
2025,British Grand Prix,PIA,McLaren,0.05174967447916667,0.17338340000178065,30.0,"ols_team(fe+spline,clustered)",0.0,4.771724081239715,1.0,0.051681440767474905,0.17326905633314707,0.9986814658762881,0.0013185341237118675,0.00175819853086858,3.3263697560792064e-05,1e-06,0.24794996850714365,4.3918685645817326e-08,1e-06,0.1357904717657518,3.330761332469078e-05,1e-06
2025,British Grand Prix,ANT,Mercedes,0.07657877604166667,0.7795280850785595,3.0,"ols_team(fe+spline,clustered)",0.34499999999999886,0.18173584309834703,1.0,0.3311627826172918,0.17698958967538278,0.051550384796900516,0.9484496152030996,0.00175710033974405,1.645643474119835e-06,1e-06,0.2479529167153626,3.0276500137505452e-05,1e-06,0.13581318207966842,3.192204396456604e-05,1e-06
2025,British Grand Prix,ALO,Aston Martin,0.13831922743055555,0.2609541533073895,27.0,"ols_team(fe+spline,clustered)",0.0,0.09292330170630082,1.0,0.015565259881990617,0.08753890789905042,0.11253142582657426,0.8874685741734257,0.0017586331929981649,1.4684703958788086e-05,1e-06,0.2479258874956266,0.0001157978355068559,1e-06,0.13578037681486443,0.00013047913877365118,1e-06
2025,British Grand Prix,LEC,Ferrari,0.7164096174568966,0.16172227087307137,29.0,"ols_team(fe+spline,clustered)",0.03699999999999193,5.558748997719078,1.0,0.7158350384104801,0.16165387186879754,0.9991542965662348,0.0008457034337652001,0.0017831038247383682,3.823347154464962e-05,1e-06,0.24794997784574407,3.236278273524449e-08,1e-06,0.1358178220425816,3.8265831852749146e-05,1e-06
2025,British Grand Prix,BOR,Kick Sauber,,,,,0.0,0.5144999999999982,1.0,0.0,0.5144999999999982,0.0,1.0,,,1e-06,0.24794749300353033,3.7777011743928794e-06,1e-06,0.135803495827576,3.7777011743928794e-06,1e-06
2025,British Grand Prix,LAW,Racing Bulls,,,,,0.5759999999999934,0.08299999999999841,1.0,0.5759999999999934,0.08299999999999841,0.0,1.0,,,1e-06,0.24800593440568064,0.00014513788098694316,1e-06,0.1359022571227508,0.00014513788098694316,1e-06
2025,British Grand Prix,COL,Alpine,,,,,1.3490000000000038,12.475513460820403,1.0,1.3490000000000038,12.475513460820403,0.0,1.0,,,1e-06,0.24795001632281208,6.425148045441338e-09,1e-06,0.13580585042959853,6.425148045441338e-09,1e-06
2025,Austrian Grand Prix,HUL,Kick Sauber,-0.044571181475105935,0.05919188767402662,59.0,"ols_team(fe+spline,clustered)",0.7599999999999909,0.04888876262610286,1.0,0.43372195150117865,0.03769414369789367,0.4055303694828042,0.5944696305171958,-4.925574234161942e-05,0.0002853327903592158,1e-06,0.15918126840135463,0.00041821561338284353,1e-06,0.41480170384998327,0.9087824844247564,0.014155638789466414
2025,Austrian Grand Prix,GAS,Alpine,-0.03145548502604167,0.06278825732721413,60.0,"ols_team(fe+spline,clustered)",0.0,0.20957109639557644,1.0,-0.028864537095993896,0.060146801175962765,0.9176312834501597,0.08236871654984032,-4.428075437573353e-05,0.0002535905082400075,1e-06,0.15889767655524162,2.2768128869633466e-05,1e-06,-0.01868407990852569,0.796456343008331,0.014155638789466414
2025,Austrian Grand Prix,STR,Aston Martin,-0.014107259114583333,0.07418351267707118,60.0,"ols_team(fe+spline,clustered)",0.2009999999999934,0.21228623234785177,1.0,0.009302050063242528,0.07003072054016012,0.8911737833758696,0.10882621662413033,-3.8981813672421966e-05,0.00018167965758310317,1e-06,0.15889873335538035,2.2189458527901192e-05,1e-06,0.012490030559440177,0.742690603290795,0.014155638789466414
2025,Austrian Grand Prix,HAM,Ferrari,-0.012735335553278689,0.03697357428911458,61.0,"ols_team(fe+spline,clustered)",0.12699999999999534,0.15082174909475038,1.0,-0.004813689340053415,0.03591026195970027,0.943309641889362,0.05669035811063803,-4.5557054775400135e-05,0.0007309700024048226,1e-06,0.1588903118863881,4.395952207207635e-05,1e-06,-0.0036764563172735926,0.9165081638530455,0.014155638789466414
2025,Austrian Grand Prix,HAD,Racing Bulls,-0.009007045200892858,0.07102516160327542,63.0,"ols_team(fe+spline,clustered)",0.04600000000000648,0.10392505312323219,1.0,0.008505561789926926,0.058638992189635225,0.6816297453015443,0.31837025469845565,-3.7940069809207866e-05,0.0001981935223006134,1e-06,0.15886100463757855,9.258044855227353e-05,1e-06,0.010066523965422677,0.8045641614803513,0.014155638789466414
2025,Austrian Grand Prix,BEA,Haas F1 Team,-0.0018310546875,0.05924594126158225,59.0,"ols_team(fe+spline,clustered)",0.0,0.286475758136706,1.0,-0.0017559522298049256,0.05801820582239918,0.9589840444374633,0.04101595556253658,-3.6830480036624876e-05,0.0002848125240211028,1e-06,0.15889469724232777,1.2184815380551208e-05,1e-06,0.0013792095845975277,0.8078895078717945,0.014155638789466414
2025,Austrian Grand Prix,NOR,McLaren,-0.0015810074344758064,0.0455271261046227,62.0,"ols_team(fe+spline,clustered)",0.0,0.16625299997293175,1.0,-0.0014707187112496774,0.04391047035871309,0.9302414898114024,0.06975851018859747,-3.704553976822397e-05,0.00048222536326449886,1e-06,0.15889424893350465,3.617806263580386e-05,1e-06,-0.00015459561735989974,0.8801195476360925,0.014155638789466414
2025,Austrian Grand Prix,RUS,Mercedes,5.002881659836065e-06,0.048919699659976605,61.0,"ols_team(fe+spline,clustered)",0.0,0.11706212026099708,1.0,4.259089554800687e-06,0.04513693373315363,0.8513272638434244,0.14867273615657567,-3.628293605696817e-05,0.00041768703871537463,1e-06,0.15887965418226566,7.296851992113487e-05,1e-06,0.01254195271047974,0.8741835913768183,0.014155638789466414
2025,Austrian Grand Prix,TSU,Red Bull Racing,2.209893588362069e-05,0.09847927540217008,58.0,"ols_team(fe+spline,clustered)",0.5330000000000013,0.008499999999997955,1.0,0.529058750546975,0.008468513907715216,0.007394770862276507,0.9926052291377235,-3.630540175176539e-05,0.00010310163022305486,1e-06,0.1641015942954982,0.01365187713311228,1e-06,0.5276373866979058,0.994959306895874,0.014155638789466414
2025,Austrian Grand Prix,ALB,Williams,4.7471788194444445e-05,0.12957897027981122,9.0,"ols_team(fe+spline,clustered)",0.0,0.1987824438928142,1.0,3.331527266685531e-05,0.10855214631413031,0.7017909780519738,0.2982090219480263,-3.6307467242764305e-05,5.955319782603155e-05,1e-06,0.15890045954138493,2.5306550904380323e-05,1e-06,0.0761861929711243,0.5457236471490634,0.014155638789466414
2025,Austrian Grand Prix,PIA,McLaren,0.0015524587323588709,0.05630673626812855,62.0,"ols_team(fe+spline,clustered)",0.28600000000000136,5.174971735438275,1.0,0.0015861296938279052,0.05630340356564114,0.999881626814846,0.000118373185153858,-3.579968596683388e-05,0.00031531332906603723,1e-06,0.1589000023735918,3.734083451190427e-08,1e-06,0.0030355724015654157,0.8170307087355719,0.014155638789466414
2025,Austrian Grand Prix,OCO,Haas F1 Team,0.001753467624470339,0.04221305167072571,59.0,"ols_team(fe+spline,clustered)",0.1460000000000008,0.14137931641902485,1.0,0.013560463110575106,0.04044854325670729,0.9181471104250429,0.0818528895749571,-3.5315477647178025e-05,0.0005608708251165442,1e-06,0.15889598818553527,5.002723705128438e-05,1e-06,0.013664394520318722,0.8963960673642406,0.014155638789466414
2025,Austrian Grand Prix,LAW,Racing Bulls,0.009473673502604167,0.04352101488297677,60.0,"ols_team(fe+spline,clustered)",0.0,0.09076756028450059,1.0,0.007702807340348857,0.03924319202180707,0.8130750271509224,0.18692497284907766,-3.114392448892472e-05,0.0005276825605020973,1e-06,0.15885217322616219,0.00012136290542794934,1e-06,0.008565248944659844,0.9018819570434647,0.014155638789466414
2025,Austrian Grand Prix,LEC,Ferrari,0.01272733094262295,0.0404139241364417,61.0,"ols_team(fe+spline,clustered)",0.0,0.15264810658650285,1.0,0.011893659901349983,0.03906790394292532,0.9344975749407867,0.06550242505921341,-2.8464521490977907e-05,0.0006118882804385979,1e-06,0.15888489515938545,4.291395275650643e-05,1e-06,0.011593259062860014,0.9026714088019877,0.014155638789466414
2025,Austrian Grand Prix,ALO,Aston Martin,0.013638404107862902,0.042794801895314316,62.0,"ols_team(fe+spline,clustered)",0.0,0.2471242939629108,1.0,0.013241320059782319,0.04216721172908698,0.9708848597724381,0.02911514022756195,-2.8962612173533963e-05,0.0005457338413403835,1e-06,0.15889519729452564,1.6374272197713746e-05,1e-06,0.01418431737142407,0.8884080692959128,0.014155638789466414
2025,Austrian Grand Prix,COL,Alpine,0.031401570638020834,0.06905514512452658,60.0,"ols_team(fe+spline,clustered)",0.43200000000000216,0.3640368937346877,1.0,0.04531575527492954,0.06784528323318169,0.9652665022699433,0.034733497730056795,-2.9721864622477112e-05,0.00020966061307438487,1e-06,0.15890335519160637,7.545810995846314e-06,1e-06,0.03938635281475785,0.7546204277747752,0.014155638789466414
2025,Austrian Grand Prix,BOR,Kick Sauber,0.043865966796875,0.04434777993438634,60.0,"ols_team(fe+spline,clustered)",0.0,0.16490269239519234,1.0,0.04090734426582958,0.04282611450513894,0.9325531215407706,0.06744687845922942,-1.4237251515377159e-05,0.0005082009440583291,1e-06,0.15892404717541064,3.677295551748212e-05,1e-06,0.0621728650073079,0.8852965110281101,0.014155638789466414
2025,Austrian Grand Prix,VER,Red Bull Racing,,,,,0.0,0.06647962093754672,1.0,0.0,0.06647962093754672,0.0,1.0,,,1e-06,0.15895976651762422,0.00022621670655621764,1e-06,0.05878726100429607,0.7620728150134333,0.014155638789466414
2025,Austrian Grand Prix,ANT,Mercedes,,,,,0.20800000000001265,0.10669845359704128,1.0,0.20800000000001265,0.10669845359704128,0.0,1.0,,,1e-06,0.1588955614901686,8.783055027596381e-05,1e-06,0.15970513001117953,0.5542493582823899,0.014155638789466414
2025,Austrian Grand Prix,SAI,Williams,,,,,0.43899999999999295,0.12074033777767605,1.0,0.43899999999999295,0.12074033777767605,0.0,1.0,,,1e-06,0.1589236928223959,6.859073196313518e-05,1e-06,0.30133920538848646,0.49264647596616584,0.014155638789466414
2025,Canadian Grand Prix,RUS,Mercedes,-0.6690487619173728,0.04195251239590696,59.0,"ols_team(fe+spline,clustered)",0.0,0.21533471809331264,1.0,-0.6445825691243334,0.041178295634771225,0.9634313757297394,0.03656862427026059,-0.6488398288653044,0.9697889809808771,0.056497316428785097,0.2503943745283064,2.1565648474648526e-05,1e-06,-0.6250394946034835,0.9699658586441451,0.054761831180602114
2025,Canadian Grand Prix,STR,Aston Martin,-0.311724958748653,0.07923718590712982,58.0,"ols_team(fe+spline,clustered)",0.9309999999999974,4.225722316296285,1.0,-0.31128816287839306,0.07922325944773555,0.9996485176650031,0.0003514823349969452,-0.28056085232338546,0.8999849173753329,0.056497316428785097,0.2504000707086427,5.600129445374314e-08,1e-06,-0.2786523113212311,0.8971737475873377,0.054761831180602114
2025,Canadian Grand Prix,BOR,Kick Sauber,-0.1291472871424788,0.06391739160007792,59.0,"ols_team(fe+spline,clustered)",0.20199999999999818,5.10674903436619,1.0,-0.12909541881693593,0.06391238564346213,0.9998433678077496,0.0001566321922504006,-0.12044699588283171,0.9325644182391855,0.056497316428785097,0.2503999805074956,3.8345195157429765e-08,1e-06,-0.1197109841924673,0.9305857711834039,0.054761831180602114
2025,Canadian Grand Prix,BEA,Haas F1 Team,-0.11670697745630297,0.1005418991828661,59.0,"ols_team(fe+spline,clustered)",0.0,3.4064349145639774,1.0,-0.11660539642259869,0.10049813413297089,0.9991296061647874,0.000870393835212679,-0.09901433669629892,0.848231765590054,0.056497316428785097,0.2503999340016456,8.617866689317969e-08,1e-06,-0.09749830027372042,0.8442860115079373,0.054761831180602114
2025,Canadian Grand Prix,ALB,Williams,-0.018800281343005952,0.10681568115229853,42.0,"ols_team(fe+spline,clustered)",0.0,2.5320892605696312,1.0,-0.018766884594248832,0.10672076549536448,0.9982236037776347,0.0017763962223652351,-0.01566345462831159,0.8319818942764732,0.056497316428785097,0.25039996146086885,1.559703008114879e-07,1e-06,-0.014485396369256519,0.8278288241878906,0.054761831180602114
2025,Canadian Grand Prix,HAD,Racing Bulls,-0.011356677039194915,0.08314896452698115,59.0,"ols_team(fe+spline,clustered)",0.0,5.0843768157895495,1.0,-0.011353640538595743,0.08313784777342383,0.9997326242008387,0.0002673757991612101,-0.010132583359953167,0.8909693424450379,0.056497316428785097,0.25039999533200324,3.868338977751699e-08,1e-06,-0.009397358872650252,0.8879279491295369,0.054761831180602114
2025,Canadian Grand Prix,COL,Alpine,-0.009570058186848958,0.0843501294249237,60.0,"ols_team(fe+spline,clustered)",0.0,4.321771367802277,1.0,-0.009566414029643602,0.08433406816418837,0.9996192126386062,0.00038078736139377076,-0.008514192750517853,0.8881513681688914,0.056497316428785097,0.2503999875303674,5.3539757637700415e-08,1e-06,-0.007765482130491982,0.8850530523360772,0.054761831180602114
2025,Canadian Grand Prix,PIA,McLaren,-0.007368960623013772,0.04751021935242724,59.0,"ols_team(fe+spline,clustered)",0.0,4.741752691788411,1.0,-0.007368220917406473,0.047507834724564484,0.9998996187325269,0.00010038126747318013,-0.0070908558730507195,0.961582185072179,0.056497316428785097,0.25039998758936577,4.447563750182731e-08,1e-06,-0.006835234051076984,0.9604166810029997,0.054761831180602114
2025,Canadian Grand Prix,TSU,Red Bull Racing,-0.0010189767611228813,0.06992455899925115,59.0,"ols_team(fe+spline,clustered)",1.0430000000000064,0.20570109382305274,1.0,0.1071253973911939,0.06620402142106756,0.8964153175761094,0.10358468242389057,-0.0009481643351587213,0.9203501875490603,0.056497316428785097,0.2504188669445205,2.3632873705450063e-05,1e-06,0.09964147823135905,0.9258942090750071,0.054761831180602114
2025,Canadian Grand Prix,LEC,Ferrari,-8.523875269396552e-05,0.06794596727446674,58.0,"ols_team(fe+spline,clustered)",0.10000000000000853,3.719602930677515,1.0,-5.185314039129925e-05,0.06793463390028076,0.999666428209407,0.0003335717905929938,-8.861471686968155e-05,0.9244582801435902,0.056497316428785097,0.25039995858088826,7.227811307820066e-08,1e-06,0.00042629446122262587,0.92227430307212,0.054761831180602114
2025,Canadian Grand Prix,HAM,Ferrari,0.00010396666445974576,0.051934283508304244,59.0,"ols_team(fe+spline,clustered)",0.0,3.5220451772338452,1.0,0.0001039440639550907,0.05192863840649768,0.9997826177768375,0.00021738222316255916,9.330932346668144e-05,0.9544354554757684,0.056497316428785097,0.25039994926578746,8.061393489444433e-08,1e-06,0.00038533952063796693,0.9530689542625885,0.054761831180602114
2025,Canadian Grand Prix,VER,Red Bull Racing,0.0009998386189088984,0.038867543560739744,59.0,"ols_team(fe+spline,clustered)",0.0,2.821124626542071,1.0,0.0009996488709453195,0.03886385527193006,0.999810221409745,0.00018977859025507156,0.000970416381351818,0.9739572838109795,0.056497316428785097,0.25040010406976126,1.2564794827413675e-07,1e-06,0.001137506094026462,0.973159065579397,0.054761831180602114
2025,Canadian Grand Prix,NOR,McLaren,0.00710359166880123,0.03956708620337628,61.0,"ols_team(fe+spline,clustered)",0.47899999999999915,3.4264297390529785,1.0,0.007166509427063381,0.039564448383606364,0.9998666704023355,0.00013332959766456317,0.006908551487702528,0.9730369117012538,0.056497316428785097,0.25040001819725693,8.517581571821827e-08,1e-06,0.007136779595564073,0.9722097632788176,0.054761831180602114
2025,Canadian Grand Prix,GAS,Alpine,0.009736400539592162,0.06505175173926914,59.0,"ols_team(fe+spline,clustered)",0.5250000000000057,5.743853903666655,1.0,0.009802482814186912,0.06504758017973797,0.9998717505473627,0.00012824945263735242,0.009048893447695907,0.9303178524112986,0.056497316428785097,0.2504000092599883,3.0310508119700156e-08,1e-06,0.009537005930820547,0.9282764678187039,0.054761831180602114
2025,Canadian Grand Prix,SAI,Williams,0.013616364577720905,0.05136385712096015,58.0,"ols_team(fe+spline,clustered)",0.5060000000000002,3.7081205280222673,1.0,0.013710820211185573,0.05135893023264599,0.9998081665866421,0.00019183341335798183,0.013003059324456015,0.9553864761221483,0.056497316428785097,0.2504000191047084,7.272643253683305e-08,1e-06,0.01336110662293935,0.9540460028968551,0.054761831180602114
2025,Canadian Grand Prix,LAW,Racing Bulls,0.013977686564127604,0.08918440411977255,48.0,"ols_team(fe+spline,clustered)",0.6580000000000013,6.066260719476755,1.0,0.014116855639756168,0.0891747675113678,0.9997839064381386,0.00021609356186138163,0.012236717623470929,0.8765909540622214,0.056497316428785097,0.2504000160945555,2.717426740429412e-08,1e-06,0.013100562168460332,0.873199876878652,0.054761831180602114
2025,Canadian Grand Prix,OCO,Haas F1 Team,0.11477127075195312,0.049386487500927334,60.0,"ols_team(fe+spline,clustered)",0.07200000000000273,2.7754556975252944,1.0,0.11475773250769744,0.049378670814220864,0.9996834734152704,0.00031652658472951266,0.11001617831170672,0.9586159391228102,0.056497316428785097,0.25039993242144487,1.29816933100773e-07,1e-06,0.11012604849255153,0.9573732598350653,0.054761831180602114
2025,Canadian Grand Prix,HUL,Kick Sauber,0.12490294409579918,0.0654090914355305,61.0,"ols_team(fe+spline,clustered)",0.0,2.7937778298390157,1.0,0.12483451714531384,0.06539117209079286,0.999452159026509,0.0005478409734911316,0.1161010874414763,0.9296042388812779,0.056497316428785097,0.25039995028220974,1.2811978790185502e-07,1e-06,0.11623473414040082,0.9275717804719714,0.054761831180602114
2025,Canadian Grand Prix,ALO,Aston Martin,0.3064463987188824,0.07102960670085838,59.0,"ols_team(fe+spline,clustered)",0.0,2.9224359533764463,1.0,0.30626547860074965,0.07100863634168796,0.9994096190430395,0.0005903809569604535,0.281313445968974,0.9180208267609753,0.056497316428785097,0.2504000032754894,1.1708734136250575e-07,1e-06,0.28095780590002184,0.9156875530502183,0.054761831180602114
2025,Canadian Grand Prix,ANT,Mercedes,0.6805696158573545,0.0391799036286554,58.0,"ols_team(fe+spline,clustered)",0.49200000000000443,0.17803691431032706,1.0,0.6718591927842053,0.03826430461532405,0.9538079184520453,0.046192081547954754,0.6625640287357766,0.9735481327050847,0.056497316428785097,0.25040739646656734,3.154758953881942e-05,1e-06,0.6545227726734546,0.9739594259723642,0.054761831180602114
