year,gp,driver,team,race_delta_s,race_se_s,race_n,race_model,quali_delta_s,quali_se_s,quali_k,event_delta_s,event_se_s,event_wR_eff,event_wQ_eff,race_delta_s_shrunk,race_shrink_w,race_tau2,quali_delta_s_shrunk,quali_shrink_w,quali_tau2,event_delta_s_shrunk,event_shrink_w,event_tau2
2025,Australian Grand Prix,NOR,McLaren,-2.1316282072803006e-14,0.020899999999983265,2.0,"ols_team(fe+spline,clustered,track)",0.0,0.8020878923586761,1.0,-2.130181884129412e-14,0.02089290840610477,0.9993214937079793,0.0006785062920207151,-2.113182098633839e-14,0.9913394602077469,0.05,0.31230739067727864,0.07211417250077934,0.05,9.287641644757302e-05,0.9913452855813893,0.05
2025,Australian Grand Prix,LEC,Ferrari,-1.1842378929335004e-14,0.008140638795577314,3.0,"ols_team(fe+spline,clustered,track)",0.0,0.9360982295247972,1.0,-1.1841483399140764e-14,0.00814033098894011,0.99992437919783,7.562080216999712e-05,-1.182785853806705e-14,0.9986763543599302,0.05,0.3201831113297865,0.053979364393692,0.05,0.00016910347369228362,0.9986764543225948,0.05
2025,Australian Grand Prix,ANT,Mercedes,-7.105427357601002e-15,0.19111111111111256,2.0,"ols_team(fe+spline,clustered,track)",1.8269184523000632,8.248503390845967,1.0,0.0009801840949180025,0.1910598364622885,0.9994634768214798,0.0005365231785201288,-4.134485476013896e-15,0.5778779750014231,0.05,0.3590452933709344,0.000734345859119997,0.05,0.011818035646895883,0.5780088814417093,0.05
2025,Australian Grand Prix,BOR,Kick Sauber,-7.105427357601002e-15,0.8218888888888783,2.0,"ols_team(fe+spline,clustered,track)",0.0,1.3833986054521135,1.0,-5.251745424306837e-15,0.7065938290005077,0.7391174604985306,0.26088253950146945,-6.598393995698298e-16,0.06891785976386455,0.05,0.37916291033297145,0.02546094881657075,0.05,0.06188847957391075,0.09102911044405082,0.05
2025,Australian Grand Prix,ALB,Williams,0.0,0.1541111111111206,2.0,"ols_team(fe+spline,clustered,track)",0.1247778325350879,0.6221493651095008,1.0,0.007213627154801974,0.14959007823997422,0.9421882316093808,0.05781176839061923,-2.4562804052249818e-17,0.6779639453751625,0.05,0.28633491084840923,0.11439819516551944,0.05,0.027624694579610858,0.690825368577376,0.05
2025,Australian Grand Prix,BEA,Haas F1 Team,0.0,0.42824999999998425,2.0,"ols_team(fe+spline,clustered,track)",,,,0.0,0.42824999999998425,1.0,0.0,-1.2043821556544149e-16,0.21422628561881438,0.05,,,0.05,0.04722310862496229,0.21422628561881438,0.05
2025,Australian Grand Prix,GAS,Alpine,0.0,0.3501111111111186,2.0,"ols_team(fe+spline,clustered,track)",0.1006112144394109,0.5976769915868374,1.0,0.025704072597468552,0.3020955384291654,0.7445207997867096,0.25547920021329035,-1.1948756668921255e-16,0.28972441914008773,0.05,0.32377552436373375,0.122784420733938,0.05,0.07041771543938072,0.35395294637355273,0.05
2025,Australian Grand Prix,OCO,Haas F1 Team,0.0,0.4282500000000127,2.0,"ols_team(fe+spline,clustered,track)",0.0,1.0747113905729933,1.0,0.0,0.39782844471430406,0.8629724287506728,0.13702757124932713,-1.2043821556544491e-16,0.21422628561879203,0.05,0.3273880630617912,0.04149361846352569,0.05,0.045669609214449736,0.24007589691361517,0.05
2025,Australian Grand Prix,STR,Aston Martin,0.0,0.22938888888887732,2.0,"ols_team(fe+spline,clustered,track)",0.3918145835460223,0.8982984269965947,1.0,0.023985539720044535,0.22225681605294795,0.9387834431710803,0.06121655682891959,-6.227312830370992e-17,0.4872379595906142,0.05,0.346979691820487,0.058347137803134594,0.05,0.05502262778174718,0.5030277629287816,0.05
2025,Australian Grand Prix,TSU,Racing Bulls,0.0,0.47609820199446146,3.0,"ols_team(fe+spline,clustered,track)",1.1088492129424594,0.5993733431034644,1.0,0.4289718634244914,0.37279972335152284,0.6131377842744146,0.3868622157255855,-1.5897636055498811e-16,0.18072104215267323,0.05,0.46801676244902024,0.12217518616961318,0.05,0.19493589086942753,0.26457877503974375,0.05
2025,Australian Grand Prix,VER,Red Bull Racing,0.0,0.32389999999998054,2.0,"ols_team(fe+spline,clustered,track)",1.2967398081000994,0.15228033817056053,1.0,1.0619984326621421,0.1378095608702845,0.18102426868647245,0.8189757313135275,2.7856753574815707e-16,0.32276553775549277,0.05,1.0816966078344719,0.6831599570992716,0.05,0.9054265942248134,0.7247272210262844,0.05
2025,Australian Grand Prix,HAM,Ferrari,2.3684757858670005e-15,1.102770122186358,3.0,"ols_team(fe+spline,clustered,track)",0.4537979374023138,0.6087141389574697,1.0,0.3478207696888971,0.5329173830558782,0.2335338241510414,0.7664661758489586,-7.443944118456278e-16,0.039491290808493396,0.05,0.35216675677963577,0.11889676086523783,0.05,0.16070781221905384,0.14970017876201366,0.05
2025,Australian Grand Prix,LAW,Red Bull Racing,4.736951571734001e-15,0.7063847300382585,3.0,"ols_team(fe+spline,clustered,track)",0.0,0.001,1.0,9.493262053476746e-21,0.0009999989979561047,2.004086786557891e-06,0.9999979959132134,8.053003166068204e-16,0.09107810092580372,0.05,1.2360305101100089e-05,0.999980000399992,0.05,9.86399269270466e-06,0.9999800004400721,0.05
2025,Australian Grand Prix,HUL,Kick Sauber,7.105427357601002e-15,0.003611111111126774,2.0,"ols_team(fe+spline,clustered,track)",1.4189972770585513,0.21140631945560526,1.0,0.0004139049663782114,0.003610584413205442,0.9997083116556579,0.00029168834434206546,7.10352708042649e-15,0.9997392655310552,0.05,0.9328960299001539,0.5280241872436087,0.05,0.00043154435127018553,0.9997393415644368,0.05
2025,Australian Grand Prix,RUS,Mercedes,7.105427357601002e-15,0.20710000000001114,2.0,"ols_team(fe+spline,clustered,track)",0.0,0.7414058584059814,1.0,6.59113685948419e-15,0.199464292895956,0.9276200470100293,0.07237995298997071,3.793547293601605e-15,0.5382686974898433,0.05,0.3281202403765719,0.08337743348126736,0.05,0.011814845367285495,0.5568796660308825,0.05
2025,Australian Grand Prix,PIA,McLaren,2.1316282072803006e-14,0.12360000000001035,2.0,"ols_team(fe+spline,clustered,track)",0.4044290250358813,0.8462435739917321,1.0,0.008447364730349296,0.1223023631539957,0.9791128623135322,0.020887137686467896,1.632353170386584e-14,0.7659670425828353,0.05,0.341007622270208,0.06526322993932115,0.05,0.008973289318313121,0.7697296957861828,0.05
2025,Australian Grand Prix,ALO,Aston Martin,,,,,0.0,1.2787072717245322,1.0,0.0,1.2787072717245322,0.0,1.0,,,0.05,0.3339884728683216,0.029671965383036472,0.05,0.08387311540343975,0.029671965383036472,0.05
2025,Australian Grand Prix,SAI,Williams,,,,,0.0,0.7805614415727097,1.0,0.0,0.7805614415727097,0.0,1.0,,,0.05,0.2839055586918236,0.07584075191088827,0.05,0.0676776155649466,0.07584075191088827,0.05
2025,Australian Grand Prix,DOO,Alpine,,,,,0.0,6.730435336292164,1.0,0.0,6.730435336292164,0.0,1.0,,,0.05,0.3546205501702853,0.0011025659842267108,0.05,0.09481054649040034,0.0011025659842267108,0.05
2025,Australian Grand Prix,HAD,Racing Bulls,,,,,0.0,1.096843871064372,1.0,0.0,1.096843871064372,0.0,1.0,,,0.05,0.3637100864909114,0.03990211285525361,0.05,0.1063192742754049,0.03990211285525361,0.05
2025,Japanese Grand Prix,ALO,Aston Martin,-0.21974690755208334,0.02251686802274525,48.0,"ols_team(fe+spline,clustered,track)",0.0,1.1639151274428172,1.0,-0.21966469585704945,0.022512655624313725,0.9996258800820013,0.00037411991799882075,-0.21746813532827805,0.9899616042976348,0.05,0.6127392984695266,0.03559482886122129,0.05,-0.2179139718859773,0.9899653221755392,0.05
2025,Japanese Grand Prix,PIA,McLaren,-0.16201904296875,0.040140501455814076,50.0,"ols_team(fe+spline,clustered,track)",1.0954671156248708,0.8844608892393616,1.0,-0.1594342966298786,0.04009922609700595,0.9979445130897009,0.002055486910299004,-0.15695937243197752,0.9687808462419892,0.05,0.7413553714683243,0.06007658096870898,0.05,-0.15442536880756347,0.9688430174428115,0.05
2025,Japanese Grand Prix,HUL,Kick Sauber,-0.025273640950520832,0.054189615342494245,48.0,"ols_team(fe+spline,clustered,track)",0.028596406363845972,1.5627843502952201,1.0,-0.02520894761815385,0.054157067014460415,0.9987990852877954,0.0012009147122045835,-0.02388380332568912,0.9445276206104137,0.05,0.6792077316546516,0.020061831161259664,0.05,-0.02382315017636749,0.9445905469623573,0.05
2025,Japanese Grand Prix,OCO,Haas F1 Team,-0.01214599609375,0.06208933657693426,50.0,"ols_team(fe+spline,clustered,track)",0.0,1.6262803174429192,1.0,-0.012128317659790777,0.06204413477043611,0.9985445052161412,0.0014554947838587096,-0.011264361659168524,0.9284174249233784,0.05,0.7416087593568236,0.01855433752346785,0.05,-0.010789192770584079,0.9285141650172216,0.05
2025,Japanese Grand Prix,TSU,Red Bull Racing,-0.010815938313802084,0.033899882590232334,48.0,"ols_team(fe+spline,clustered,track)",0.0,1.4743212564118022,1.0,-0.0108102229117917,0.03389092464992315,0.9994715759424136,0.0005284240575863676,-0.0105797908940142,0.9775323564433888,0.05,0.6659021397906671,0.022485824369709334,0.05,-0.010573612098522018,0.9775439622787251,0.05
2025,Japanese Grand Prix,LEC,Ferrari,-0.008021763392857142,0.027229192839757246,49.0,"ols_team(fe+spline,clustered,track)",1.9537643860469842,0.6666070909543208,1.0,-0.004753949469694329,0.027206505091496965,0.9983342659830197,0.0016657340169803363,-0.007904284467012732,0.9853880949324095,0.05,0.877254445030079,0.10113984326016986,0.05,-0.004661022116095677,0.9854120794163501,0.05
2025,Japanese Grand Prix,RUS,Mercedes,-0.00610107421875,0.05050086118046114,50.0,"ols_team(fe+spline,clustered,track)",0.0,0.9943015757928511,1.0,-0.006085376059357059,0.05043584958170556,0.9974269843588041,0.0025730156411959367,-0.005805265310891234,0.951468684569228,0.05,0.8625938952726547,0.048140078062731274,0.05,-0.004985452173403494,0.9515875110466498,0.05
2025,Japanese Grand Prix,GAS,Alpine,-0.004656473795572917,0.035971382934542696,48.0,"ols_team(fe+spline,clustered,track)",1.493015227481024,1.0790952028586616,1.0,-0.0029940986130766283,0.03595141375940288,0.9988900269791575,0.0011099730208424853,-0.004539217271102876,0.9747740107236892,0.05,0.7527621822689252,0.04117102052436802,0.05,-0.0028983546714513465,0.9748013053235376,0.05
2025,Japanese Grand Prix,HAD,Racing Bulls,-0.0021794637044270835,0.03238022143678108,48.0,"ols_team(fe+spline,clustered,track)",3.0282749544328453,0.24473451505279445,1.0,0.049956843415551386,0.03210047638700539,0.9827958781336744,0.017204121866325597,-0.002133592319541628,0.9794611168409342,0.05,1.8330831982015319,0.45497982437059564,0.05,0.04946302087709763,0.9798073351420314,0.05
2025,Japanese Grand Prix,SAI,Williams,-0.0005086263020833334,0.0759804899263812,48.0,"ols_team(fe+spline,clustered,track)",0.0821961958208135,6.380769455641879,1.0,-0.0004969009112303646,0.07597510370767233,0.9998582260314212,0.00014177396857882336,-0.00045574403786479876,0.8964905735354736,0.05,0.7156229990479152,0.0012265658809463987,0.05,-0.0004444012852498636,0.8965037296758664,0.05
2025,Japanese Grand Prix,ALB,Williams,0.00045340401785714287,0.05319274938677952,49.0,"ols_team(fe+spline,clustered,track)",0.0,1.0361637076301784,1.0,0.0004522122533443287,0.05312279528359957,0.9973715175298917,0.002628482470108253,0.00042924177874846563,0.9464414717205086,0.05,0.6845221801914665,0.044498426810680454,0.05,0.0004286061836668747,0.9465747282888693,0.05
2025,Japanese Grand Prix,LAW,Racing Bulls,0.002255859375,0.062005339227009355,50.0,"ols_team(fe+spline,clustered,track)",0.0,1.0551607345885996,1.0,0.0022480962632780684,0.06189855747952206,0.9965586898687195,0.003441310131280488,0.0020986352564041247,0.9285971544209792,0.05,0.7994416647172724,0.04297880323232623,0.05,0.003903134281050557,0.9288253847776876,0.05
2025,Japanese Grand Prix,DOO,Alpine,0.004611268335459184,0.052748339621905956,49.0,"ols_team(fe+spline,clustered,track)",0.0,1.6235458280793353,1.0,0.00460640593537172,0.05272052176777845,0.9989455395492661,0.0010544604507339516,0.004367754600800382,0.9472856861263014,0.05,0.7075550599037308,0.018615726700227726,0.05,0.00440624187898385,0.9473383440789424,0.05
2025,Japanese Grand Prix,ANT,Mercedes,0.006064453125,0.031525130665738955,50.0,"ols_team(fe+spline,clustered,track)",3.8667407082750747,0.33519635755135013,1.0,0.039914088555166635,0.03138662338349228,0.9912322004765327,0.008767799523467377,0.005946147060523486,0.9805107051540317,0.05,1.8179535909494478,0.3079640777171917,0.05,0.03946428616004954,0.9806782817230739,0.05
2025,Japanese Grand Prix,HAM,Ferrari,0.008037109375,0.04853269795942015,50.0,"ols_team(fe+spline,clustered,track)",0.0,0.8749344379048156,1.0,0.00801245559687278,0.048458203928265366,0.9969325068283992,0.003067493171600772,0.007676345159772431,0.9550109110662157,0.05,0.7097663908311092,0.06131130630796661,0.05,0.007725537362241753,0.9551427243182644,0.05
2025,Japanese Grand Prix,VER,Red Bull Racing,0.01018798828125,0.023777419735182617,50.0,"ols_team(fe+spline,clustered,track)",0.1179680703876187,1.0325167327052132,1.0,0.010245115556354692,0.023771117461090435,0.9994699644499406,0.0005300355500593655,0.01007066307714387,0.9888191120234872,0.05,0.6559866861924283,0.044799222295743894,0.05,0.010127568622002344,0.9888249720653843,0.05
2025,Japanese Grand Prix,BEA,Haas F1 Team,0.012456258138020834,0.04379762974984792,48.0,"ols_team(fe+spline,clustered,track)",2.5976443275274193,0.610972211972665,1.0,0.025673000429623578,0.04368552886524164,0.9948875122672508,0.005112487732749145,0.012002327767385959,0.9630528181704777,0.05,0.9732136167703302,0.11812315243765717,0.05,0.024971939339861245,0.9632347655251607,0.05
2025,Japanese Grand Prix,BOR,Kick Sauber,0.024782764668367346,0.05314861532178851,49.0,"ols_team(fe+spline,clustered,track)",0.0,1.6006445889352172,1.0,0.02475547078841428,0.05311934030808249,0.9988986749332328,0.0011013250667672517,0.023445806470056237,0.9465255593797979,0.05,0.6792710733214248,0.019141957174894954,0.05,0.023422445120359528,0.9465813061483355,0.05
2025,Japanese Grand Prix,NOR,McLaren,0.16210693359375,0.01955273921026674,50.0,"ols_team(fe+spline,clustered,track)",0.0,6.0622062981801275,1.0,0.16210524723152378,0.019552637508612636,0.9999895972233337,1.0402776666314825e-05,0.16087722073047403,0.9924118284060547,0.05,0.7177452860480737,0.0013586829070749396,0.05,0.16088526903810524,0.9924119067451198,0.05
2025,Japanese Grand Prix,STR,Aston Martin,0.23445095486111112,0.048343673052901055,45.0,"ols_team(fe+spline,clustered,track)",0.12899152579446138,0.001,1.0,0.12903663034317803,0.000999786129258885,0.00042769574153618057,0.9995723042584639,0.2243056980312352,0.9553450564636711,0.05,0.12900165285416587,0.999980000399992,0.05,0.12903314722431256,0.9999800089535648,0.05
2025,Bahrain Grand Prix,PIA,McLaren,-0.2382257080078125,0.06404896733539488,50.0,"ols_team(fe+spline,clustered,track)",0.12238613937093135,0.08674474498545423,1.0,-0.11099277665924254,0.051525586722363806,0.6471748438843176,0.3528251561156825,-0.22017490437394563,0.92417563624785,0.05,0.11735573632595117,0.8691925864786189,0.05,-0.10290822800227441,0.9495794923439199,0.05
2025,Bahrain Grand Prix,RUS,Mercedes,-0.17389025006975448,0.06034868920424231,28.0,"ols_team(fe+spline,clustered,track)",0.0,0.15820485493528746,1.0,-0.15180145599738665,0.05638559842945218,0.8729727856305508,0.12702721436944925,-0.16443083629134972,0.9321060603025036,0.05,0.05946129784417546,0.6664109769914823,0.05,-0.1407667654171522,0.940214828414361,0.05
2025,Bahrain Grand Prix,HUL,Kick Sauber,-0.09034956262466755,0.06849560378655331,47.0,"ols_team(fe+spline,clustered,track)",0.0,0.1848234233761781,1.0,-0.07943904421292855,0.06422685792148637,0.879241048934971,0.12075895106502893,-0.0827641390711985,0.914216376135666,0.05,0.07823878744976234,0.59410859699016,0.05,-0.0686352543951404,0.9237860050956456,0.05
2025,Bahrain Grand Prix,GAS,Alpine,-0.03311634063720703,0.07021221439518473,48.0,"ols_team(fe+spline,clustered,track)",0.0,0.17556662821171007,1.0,-0.028550188444562787,0.0651922528609796,0.8621178516471093,0.1378821483528907,-0.030160255541209754,0.9102534674373962,0.05,0.05209340539286787,0.6186308785088043,0.05,-0.02470840705963545,0.9216584793378751,0.05
2025,Bahrain Grand Prix,HAD,Racing Bulls,-0.013172880132147607,0.07330989556260202,47.0,"ols_team(fe+spline,clustered,track)",0.0,0.19907570590186296,1.0,-0.011599837227925616,0.06879362241981606,0.8805847401296035,0.11941525987039654,-0.011936707089547688,0.9029452863730968,0.05,0.0798778714191796,0.557841860003718,0.05,-0.0074147945297839135,0.913532963363777,0.05
2025,Bahrain Grand Prix,TSU,Red Bull Racing,-0.010925928751627604,0.052378729688372205,48.0,"ols_team(fe+spline,clustered,track)",0.4247657843157526,0.1699257360577473,1.0,0.02687921415763837,0.05005471028427266,0.9132296030073462,0.08677039699265376,-0.010367344210284683,0.9479835487895886,0.05,0.3448758233226904,0.6339163843851228,0.05,0.02660047163679395,0.9522816607538915,0.05
2025,Bahrain Grand Prix,HAM,Ferrari,-0.009861537388392858,0.0588485572508274,49.0,"ols_team(fe+spline,clustered,track)",0.2060348827197629,0.16856134424129346,1.0,0.013594366874774068,0.055559887237635025,0.8913557517469886,0.10864424825301144,-0.00923629942513822,0.9352235602237683,0.05,0.175838937414251,0.6376499648471079,0.05,0.013558333243981174,0.9418519256605962,0.05
2025,Bahrain Grand Prix,ALO,Aston Martin,-0.003998756408691406,0.06118825181252346,48.0,"ols_team(fe+spline,clustered,track)",0.0,0.26353021827498724,1.0,-0.0037942078760642454,0.0596027271241867,0.9488469634753023,0.051153036524697756,-0.0037360068167118722,0.9303363722572155,0.05,0.17906368099747716,0.4185915741686588,0.05,0.013929389602055392,0.9336634877860315,0.05
2025,Bahrain Grand Prix,OCO,Haas F1 Team,-0.0008033116658528646,0.04207400978501013,48.0,"ols_team(fe+spline,clustered,track)",0.0,0.03996571483845201,1.0,-0.00038102558108765884,0.028976700613734238,0.4743184959017486,0.5256815040982513,-0.000779575081572728,0.965806167700964,0.05,0.007261187911574429,0.969043735786787,0.05,0.0007816010129543249,0.9834843632474598,0.05
2025,Bahrain Grand Prix,SAI,Williams,-4.359654017857143e-05,0.15535496797987738,35.0,"ols_team(fe+spline,clustered,track)",0.0,0.1489879858351951,1.0,-2.0886611197552465e-05,0.10753086132003856,0.4790887330049794,0.5209112669950205,-0.00019791174715535445,0.6744437578884345,0.05,0.09550743993183691,0.6925455238312934,0.05,0.04347616411402111,0.8121776469244402,0.05
2025,Bahrain Grand Prix,ALB,Williams,2.960205078125e-05,0.08044944867954927,50.0,"ols_team(fe+spline,clustered,track)",0.6495224962382196,0.04720982001084195,1.0,0.483152169519307,0.04071681558216328,0.2561541907660955,0.7438458092339045,-3.3111421212450446e-05,0.8853927477093371,0.05,0.6350612752225895,0.957326829083368,0.05,0.4750779735435476,0.9679069341826882,0.05
2025,Bahrain Grand Prix,BEA,Haas F1 Team,0.00078521728515625,0.05979087488357597,50.0,"ols_team(fe+spline,clustered,track)",0.4731388157876495,0.09246155857231741,1.0,0.1400649567436997,0.05020784354003925,0.7051367028850776,0.29486329711492243,0.0007255389999411321,0.9332720085637211,0.05,0.43830278319683136,0.8539835112721326,0.05,0.1367027634789472,0.9520032781204739,0.05
2025,Bahrain Grand Prix,STR,Aston Martin,0.0038568115234375,0.06973729117108599,50.0,"ols_team(fe+spline,clustered,track)",0.696034003721806,0.037763917124351565,1.0,0.5390837875706064,0.033207592463763556,0.22674860992273185,0.7732513900772681,0.003494801096863484,0.9113562128812723,0.05,0.685272830493101,0.9722686911128574,0.05,0.5331344484744784,0.9784210375673137,0.05
2025,Bahrain Grand Prix,LEC,Ferrari,0.00965118408203125,0.04743473546054039,50.0,"ols_team(fe+spline,clustered,track)",0.0,0.16134165728857264,1.0,0.008883334822316166,0.045508675832298465,0.9204398907751972,0.07956010922480285,0.00922656041875569,0.9569368077076006,0.05,0.04200979493618248,0.6576253667717816,0.05,0.0090460612956026,0.960226652033976,0.05
2025,Bahrain Grand Prix,VER,Red Bull Racing,0.010906855265299479,0.08338597902825808,48.0,"ols_team(fe+spline,clustered,track)",0.0,0.26935102047788767,1.0,0.009952959239834932,0.07965616062571419,0.9125416077996928,0.08745839220030711,0.009552406366634174,0.8779134644967521,0.05,0.1222705936454631,0.40799682847050445,0.05,0.011201239390440168,0.8873885487192545,0.05
2025,Bahrain Grand Prix,LAW,Racing Bulls,0.012631786112882654,0.06563115059914422,49.0,"ols_team(fe+spline,clustered,track)",0.35318725321432964,0.13017967488273285,1.0,0.08164992085879873,0.05860448627711024,0.7973365826913696,0.20266341730863033,0.011595300987426007,0.9206840296638216,0.05,0.3095127115795083,0.7468622700656516,0.05,0.07876724422886755,0.9357252950107868,0.05
2025,Bahrain Grand Prix,DOO,Alpine,0.03311634063720703,0.06902974638245553,48.0,"ols_team(fe+spline,clustered,track)",0.23968966974373984,0.16287703556983296,1.0,0.06457101878494739,0.06355728762546387,0.8477311747659412,0.15226882523405882,0.030219387439006273,0.9129901091476424,0.05,0.2039519297733438,0.6533477057485004,0.05,0.061275805344160064,0.9252486300447617,0.05
2025,Bahrain Grand Prix,BOR,Kick Sauber,0.08666898766342475,0.06352426610501187,49.0,"ols_team(fe+spline,clustered,track)",0.3846046244114518,0.07943157197856719,1.0,0.20288971021002877,0.04961051282943029,0.6099133228399418,0.39008667716005824,0.08005287010405053,0.9253204855761791,0.05,0.3631085118802564,0.8879516125195513,0.05,0.19629477713497331,0.9530852736261638,0.05
2025,Bahrain Grand Prix,ANT,Mercedes,0.10142993927001953,0.08490905418671563,48.0,"ols_team(fe+spline,clustered,track)",0.35082884291922767,0.09364770699467605,1.0,0.21395285501980876,0.06290285633054334,0.5488235348938891,0.4511764651061108,0.08429199299586404,0.873979994597235,0.05,0.3250754721055318,0.8507757531296464,0.05,0.2006663819365363,0.9266677863900942,0.05
2025,Bahrain Grand Prix,NOR,McLaren,0.2382293701171875,0.07029129091752503,50.0,"ols_team(fe+spline,clustered,track)",0.0,0.18279090157931746,1.0,0.20753952435105064,0.06560761896715318,0.8711752217997293,0.1288247782002707,0.21679042116138234,0.9100693895737606,0.05,0.03361963477806851,0.5994304425319371,0.05,0.19500082692040194,0.9207363885152046,0.05
2025,Saudi Arabian Grand Prix,HUL,Kick Sauber,-0.46139419910519625,0.07377898772974098,43.0,"ols_team(fe+spline,clustered,track)",0.0,1.1701049716715843,1.0,-0.45956708926940415,0.07363276132205854,0.9960400242583555,0.003959975741644505,-0.4170425766751067,0.9018215871263062,0.05,0.36757901650227864,0.035232465522940085,0.05,-0.31145230677439906,0.9021723374166258,0.05
2025,Saudi Arabian Grand Prix,STR,Aston Martin,-0.24233839246961805,0.07202082068126918,36.0,"ols_team(fe+spline,clustered,track)",0.1920447412290258,0.7660718297763083,1.0,-0.23853274579174039,0.07170463810096402,0.9912389630659143,0.008761036934085642,-0.22135076123809946,0.9060104962745171,0.05,0.23320906926410967,0.07850944500407092,0.05,-0.21742615069848248,0.9067571613909486,0.05
2025,Saudi Arabian Grand Prix,OCO,Haas F1 Team,-0.22805040147569444,0.06951735656431655,45.0,"ols_team(fe+spline,clustered,track)",0.46150171500023873,1.695784306586006,1.0,-0.22689353525466008,0.06945901721676156,0.9983222932779225,0.001677706722077383,-0.20774248328673814,0.9118652530936907,0.05,0.2485421246338015,0.017090018237380815,0.05,-0.2061951563063355,0.9120001053119506,0.05
2025,Saudi Arabian Grand Prix,HAM,Ferrari,-0.16806572808159723,0.06488515978568088,45.0,"ols_team(fe+spline,clustered,track)",0.0913174125224856,1.2678887064117645,1.0,-0.16738818904485003,0.06480036056794368,0.9973878832865959,0.00261211671340412,-0.1550192703228406,0.9223376233195335,0.05,0.22947963947257083,0.030165152305211662,0.05,-0.15408211370729807,0.9225247696391211,0.05
2025,Saudi Arabian Grand Prix,NOR,McLaren,-0.12028156627308238,0.06947922701105003,44.0,"ols_team(fe+spline,clustered,track)",0.22876371389274652,8.632000517334905,1.0,-0.12025895418467007,0.06947697644936272,0.999935217320797,6.478267920304002e-05,-0.10958085621284933,0.9119533983919488,0.05,0.24501744099184727,0.0006705879706749931,0.05,-0.10914356819992992,0.9119586001078173,0.05
2025,Saudi Arabian Grand Prix,RUS,Mercedes,-0.07855258517795138,0.10011778369556859,45.0,"ols_team(fe+spline,clustered,track)",0.0,1.558887966385125,1.0,-0.07822991006114914,0.09991194220981557,0.995892240642733,0.0041077593572670075,-0.06531673728781354,0.8330060922751916,0.05,0.23590243676662515,0.02016021978450433,0.05,-0.06390981904190303,0.8335779023649554,0.05
2025,Saudi Arabian Grand Prix,LAW,Racing Bulls,-0.03646746548739346,0.08052496559520698,44.0,"ols_team(fe+spline,clustered,track)",0.20305549542102597,2.419682446501369,1.0,-0.036202486897880345,0.08048041183666005,0.9988937236392362,0.0011062763607637303,-0.032297562953652756,0.8852021974533139,0.05,0.24168711658419723,0.008467596758534451,0.05,-0.031194388742003115,0.8853146307250908,0.05
2025,Saudi Arabian Grand Prix,ALB,Williams,-0.0035365711558948865,0.04464601622117819,44.0,"ols_team(fe+spline,clustered,track)",0.0,1.397035565707281,1.0,-0.003532962964344178,0.04462323532963133,0.9989797486345795,0.0010202513654204949,-0.0034028824072640687,0.9616629827578814,0.05,0.23657897049293092,0.024978663577133832,0.05,-0.0032636362488219495,0.9617005981324664,0.05
2025,Saudi Arabian Grand Prix,VER,Red Bull Racing,3.4679066051136365e-07,0.03866405698531909,44.0,"ols_team(fe+spline,clustered,track)",0.0,1.0097883368141065,1.0,3.4628298607204156e-07,0.03863574604057438,0.9985360781095618,0.001463921890438224,-1.7680896597989002e-06,0.9709697653066928,0.05,0.22506282695554572,0.046743279549020085,0.05,0.0035669218473641934,0.9710110313296687,0.05
2025,Saudi Arabian Grand Prix,DOO,Alpine,2.0807439630681817e-06,0.12869186716508849,44.0,"ols_team(fe+spline,clustered,track)",0.0,6.2139126164628085,1.0,2.079851881988983e-06,0.12866427706044153,0.9995712682122202,0.0004287317877799074,-0.00015338747530010835,0.7511839033032494,0.05,0.24472039435916482,0.001293235781803389,0.05,0.03158752281180008,0.7512640446731563,0.05
2025,Saudi Arabian Grand Prix,SAI,Williams,0.003552523526278409,0.05166983280984004,44.0,"ols_team(fe+spline,clustered,track)",0.4081103499140397,0.9343894129934394,1.0,0.004785835404119372,0.051591013842989954,0.9969514571282602,0.003048542871739815,0.00336994739710175,0.9493111221038328,0.05,0.2516027123041463,0.054166276324235214,0.05,0.004720804856725059,0.9494578391817478,0.05
2025,Saudi Arabian Grand Prix,HAD,Racing Bulls,0.03647266734730114,0.07664593304183644,44.0,"ols_team(fe+spline,clustered,track)",0.0,1.5877703670501868,1.0,0.03638787443855189,0.07655678665127215,0.9976751656811432,0.002324834318856822,0.03262287226589196,0.8948610074785175,0.05,0.2373103830213023,0.019447574240476002,0.05,0.03335335025006171,0.8950797924928228,0.05
2025,Saudi Arabian Grand Prix,ANT,Mercedes,0.0803281610662287,0.035026102972675104,44.0,"ols_team(fe+spline,clustered,track)",0.30002110125435877,1.2255896726236197,1.0,0.08050745062033088,0.035011807802044055,0.9991839084408053,0.0008160915591946382,0.07842131631958102,0.976051066599323,0.05,0.24266535669465736,0.03221504089999271,0.05,0.07876797622622625,0.976070143424105,0.05
2025,Saudi Arabian Grand Prix,PIA,McLaren,0.12307987656704215,0.054217995026295,43.0,"ols_team(fe+spline,clustered,track)",0.0,1.26558582733914,1.0,0.12285440362619508,0.054168310646785796,0.9981680763164865,0.0018319236835133883,0.11631516549897632,0.9444727295773307,0.05,0.23761092225977185,0.030271703926303364,0.05,0.11637662921927798,0.9445688127432915,0.05
2025,Saudi Arabian Grand Prix,LEC,Ferrari,0.16807793511284722,0.05064299974867025,45.0,"ols_team(fe+spline,clustered,track)",0.0,1.2795943195335233,1.0,0.16781507468617993,0.05060338345600268,0.9984360801047991,0.0015639198952009665,0.1598734303816301,0.9512084579843809,0.05,0.22684966062727094,0.02963205950096007,0.05,0.1598516169248717,0.9512810464961078,0.05
2025,Saudi Arabian Grand Prix,ALO,Aston Martin,0.2028758913971657,0.056269432631148086,43.0,"ols_team(fe+spline,clustered,track)",0.0,1.6322147400411398,1.0,0.20263506445014037,0.05623602496623149,0.9988129346204381,0.001187065379561846,0.18965992298286838,0.9404462585702608,0.05,0.23235538089187435,0.018422143704125465,0.05,0.18985683120987604,0.9405127473521108,0.05
2025,Saudi Arabian Grand Prix,BEA,Haas F1 Team,0.23322816328568893,0.0648112056352173,44.0,"ols_team(fe+spline,clustered,track)",0.0,1.5549715375625572,1.0,0.23282369684475934,0.06475498315270561,0.9982657907379987,0.001734209262001292,0.21533674021407195,0.9225008447015715,0.05,0.23987895460104702,0.020259840701703734,0.05,0.21545234794783125,0.9226248452528075,0.05
2025,Saudi Arabian Grand Prix,BOR,Kick Sauber,0.4408840603298611,0.10738906672625954,45.0,"ols_team(fe+spline,clustered,track)",2.6189931521568894,0.001,1.0,2.618804300049856,0.000999956646753483,8.670461353014909e-05,0.9999132953864698,0.3564450943703451,0.8125798852563092,0.05,2.618948393242631,0.999980000399992,0.05,2.6187730167170877,0.999980002134015,0.05
2025,Saudi Arabian Grand Prix,TSU,Red Bull Racing,,,,,0.14834840187982934,1.572513866881555,1.0,0.14834840187982934,1.572513866881555,0.0,1.0,,,0.05,0.23435971379846554,0.01981924954188867,0.05,0.1235342528219034,0.01981924954188867,0.05
2025,Saudi Arabian Grand Prix,GAS,Alpine,,,,,0.25527678381534713,5.6223444437332555,1.0,0.25527678381534713,5.6223444437332555,0.0,1.0,,,0.05,0.2450534559913735,0.0015792420860482824,0.05,0.12718850695626877,0.0015792420860482824,0.05
2025,Emilia Romagna Grand Prix,HUL,Kick Sauber,-0.9553184509277344,0.08018192245902933,49.0,"ols_team(fe+spline,clustered,track)",0.09074927189838888,0.7171564431691593,1.0,-0.9424035908957278,0.07968541808237295,0.987653896826952,0.012346103173047919,-0.8443079105985006,0.8860670105782182,0.05,0.1137301288568028,0.08860325342544459,0.05,-0.8368954254042446,0.8873151332819006,0.05
2025,Emilia Romagna Grand Prix,LEC,Ferrari,-0.08753151589251579,0.09658189999382626,47.0,"ols_team(fe+spline,clustered,track)",0.0,0.3065043340222252,1.0,-0.07962528903687699,0.09211683986889475,0.9096756548196053,0.09032434518039457,-0.07412151060019723,0.8427714833279314,0.05,0.05468685059538685,0.3473551174572686,0.05,-0.0677611162349902,0.8549125780032902,0.05
2025,Emilia Romagna Grand Prix,GAS,Alpine,-0.06456663253459524,0.06406764635632763,47.0,"ols_team(fe+spline,clustered,track)",0.0,0.4040906438983761,1.0,-0.06298339521880233,0.0632772702423191,0.9754790167360115,0.024520983263988563,-0.05966008561527725,0.9241347592138484,0.05,0.11474666196651928,0.23442344307024016,0.05,-0.048996484630478176,0.9258571222371949,0.05
2025,Emilia Romagna Grand Prix,STR,Aston Martin,-0.039479325457317076,0.10028129428941361,41.0,"ols_team(fe+spline,clustered,track)",0.5154741475071916,0.23965861628822632,1.0,0.04320826530120921,0.0925092009652683,0.8510008590146898,0.14899914098531009,-0.032841987671177526,0.8325515953540344,0.05,0.350171674369898,0.4653922572792862,0.05,0.04248193818232792,0.8538549943692995,0.05
2025,Emilia Romagna Grand Prix,NOR,McLaren,-0.012101270714584661,0.07894003702122925,49.0,"ols_team(fe+spline,clustered,track)",0.4395232997994043,0.25982887911585006,1.0,0.026062731235393315,0.07553106245104721,0.9154961788138676,0.08450382118613242,-0.01074941368412336,0.8891808651404772,0.05,0.26699549658215094,0.42549191350222115,0.05,0.02537265457921744,0.8975864393334108,0.05
2025,Emilia Romagna Grand Prix,TSU,Red Bull Racing,-0.01102996826171875,0.06478856871001624,50.0,"ols_team(fe+spline,clustered,track)",,,,-0.01102996826171875,0.06478856871001624,1.0,0.0,-0.010179015448267733,0.9225507801241876,0.05,,,0.05,-0.010130971829632912,0.9225507801241876,0.05
2025,Emilia Romagna Grand Prix,HAD,Racing Bulls,-0.010932610959422832,0.0677030878763045,49.0,"ols_team(fe+spline,clustered,track)",0.8197799973348339,0.1846462419739452,1.0,0.08751482042025481,0.06356488515575158,0.8814903850059232,0.11850961499407675,-0.009959272515866693,0.916024244836603,0.05,0.6375707671126545,0.5945710808020992,0.05,0.08421377630103931,0.9252320939526548,0.05
2025,Emilia Romagna Grand Prix,RUS,Mercedes,-0.005704159206814236,0.061461311566329946,45.0,"ols_team(fe+spline,clustered,track)",0.0,0.23475543999427548,1.0,-0.005338251664384518,0.0594573469441043,0.9358525018038414,0.06414749819615868,-0.005274689128697972,0.9297569927230409,0.05,0.05068938844457594,0.4756916043295012,0.05,-0.004836348107641651,0.9339653595487153,0.05
2025,Emilia Romagna Grand Prix,OCO,Haas F1 Team,-0.0035706361134847007,0.10906071562291118,24.0,"ols_team(fe+spline,clustered,track)",0.30374568106746835,0.37489166548783004,1.0,0.020408253171432,0.10471948713847425,0.921973263558285,0.07802673644171496,-0.003005533752636772,0.8078296178879472,0.05,0.18552518158880693,0.2624069125977496,0.05,0.018928447717779212,0.8201269522246156,0.05
2025,Emilia Romagna Grand Prix,SAI,Williams,-4.1484832763671875e-05,0.06319345544079909,48.0,"ols_team(fe+spline,clustered,track)",0.0,0.2360757211952914,1.0,-3.871102578653251e-05,0.06104425127787533,0.9331368408077958,0.06686315919220429,-3.324910994253169e-05,0.9260388887703705,0.05,0.051436961652244546,0.47289486673944353,0.05,0.00023631078808831031,0.9306411639066686,0.05
2025,Emilia Romagna Grand Prix,ALB,Williams,3.903977414394947e-05,0.06612372337839022,47.0,"ols_team(fe+spline,clustered,track)",0.13563436686267494,0.2998708338074111,1.0,0.00632644260762544,0.06457248631987073,0.9536311245491785,0.04636887545082147,4.1518761469966656e-05,0.9195851006756462,0.05,0.11118086189855718,0.35734062739386785,0.05,0.006141710756183347,0.9230268355591176,0.05
2025,Emilia Romagna Grand Prix,BEA,Haas F1 Team,0.0018218425994223737,0.09206950202628347,47.0,"ols_team(fe+spline,clustered,track)",0.0,0.4416144762097929,1.0,0.0017459537914080473,0.09013152941131297,0.9583450249552913,0.04165497504470877,0.0014664230040341655,0.8550400468458038,0.05,0.11419075368268036,0.2040621879436046,0.05,0.003204457494926186,0.8602344030210868,0.05
2025,Emilia Romagna Grand Prix,ANT,Mercedes,0.0064146995544433595,0.06526550550110707,40.0,"ols_team(fe+spline,clustered,track)",0.08957721711975353,0.43965407974896936,1.0,0.008207807205596756,0.06455806061241348,0.9784385116799139,0.021561488320086176,0.005943299887086916,0.9214961538416178,0.05,0.0952191660586243,0.20551122760405294,0.05,0.0077503559243755705,0.9230585779545143,0.05
2025,Emilia Romagna Grand Prix,VER,Red Bull Racing,0.01081713508157169,0.053207207356119834,51.0,"ols_team(fe+spline,clustered,track)",0.0,0.34896744106268296,1.0,0.010571379839577111,0.052599325777401666,0.9772809306585019,0.022719069341498054,0.01023519725905775,0.9464139133442716,0.05,0.0695853698319954,0.2910728962830201,0.05,0.010047380588318475,0.947567506681163,0.05
2025,Emilia Romagna Grand Prix,PIA,McLaren,0.012104034423828125,0.07256909143412056,49.0,"ols_team(fe+spline,clustered,track)",0.0,4.593269917339493,1.0,0.012101013907430468,0.07256003619685157,0.9997504537502214,0.00024954624977848816,0.010959942487965923,0.9047109069836297,0.05,0.13888888492600857,0.002364275397736106,0.05,0.012789186869531986,0.904732420648256,0.05
2025,Emilia Romagna Grand Prix,LAW,Racing Bulls,0.012176860462535511,0.04347535754655444,44.0,"ols_team(fe+spline,clustered,track)",0.0,0.001,1.0,6.439012866736878e-06,0.000999735569593882,0.0005287908887966449,0.9994712091112034,0.011757287373098353,0.963574815441687,0.05,7.40698445333976e-06,0.999980000399992,0.05,7.305693640650979e-06,0.9999800109753869,0.05
2025,Emilia Romagna Grand Prix,ALO,Aston Martin,0.03947816243985804,0.09865400922913863,41.0,"ols_team(fe+spline,clustered,track)",0.0,0.3071650605709579,1.0,0.035786630272480864,0.0939283466274181,0.9064917934566751,0.09350820654332488,0.033071606359545445,0.8370636581813534,0.05,0.1348228757750497,0.3463794271092841,0.05,0.036154354188673965,0.8500143796059405,0.05
2025,Emilia Romagna Grand Prix,COL,Alpine,0.06456350772938829,0.09522664418183667,47.0,"ols_team(fe+spline,clustered,track)",0.31842243393685976,0.001,1.0,0.31839444234552394,0.0009999448663015021,0.00011026435727107714,0.9998897356427289,0.054668303819920674,0.846480390441259,0.05,0.31841906320908764,0.999980000399992,0.05,0.318390588252215,0.9999800026051909,0.05
2025,Emilia Romagna Grand Prix,HAM,Ferrari,0.08227912902832031,0.0992383525293042,50.0,"ols_team(fe+spline,clustered,track)",0.05623269920468487,0.3312970642747605,1.0,0.08013448930862087,0.09506500129712746,0.9176608950162786,0.08233910498372143,0.06837092924709191,0.8354463077549736,0.05,0.07516711219667506,0.3129738721807214,0.05,0.06819631959774214,0.8469214186085052,0.05
2025,Emilia Romagna Grand Prix,BOR,Kick Sauber,0.995969812920753,0.09258595449658165,47.0,"ols_team(fe+spline,clustered,track)",0.0,0.33668037665246986,1.0,0.9259468225822535,0.08927195451997906,0.9296936619663682,0.07030633803363184,0.8529927508039938,0.8536478914081459,0.05,0.08046941662867783,0.3060843270708294,0.05,0.7978127607607044,0.8625228032477633,0.05
2025,Monaco Grand Prix,HAM,Ferrari,-0.3339686239919355,0.147897622908466,62.0,"ols_team(fe+spline,clustered,track)",0.2837686593785378,3.049857039338114,1.0,-0.3325193611788442,0.1477240309990783,0.9976539172037927,0.0023460827962073893,-0.23334480260216325,0.6956646899542729,0.05,0.12305051981812369,0.0053466626572107575,0.05,-0.23239848994436646,0.6961617465419131,0.05
2025,Monaco Grand Prix,GAS,Alpine,-0.314453125,0.35803681162670653,3.0,"ols_team(fe+spline,clustered,track)",0.2011238248677074,4.947886519806689,1.0,-0.311767525323752,0.3571031013739527,0.9947910788545976,0.005208921145402328,-0.15518094072722413,0.28059879572924884,0.05,0.12202251948662068,0.00203818905816704,0.05,-0.1541406847376322,0.2816542398296061,0.05
2025,Monaco Grand Prix,NOR,McLaren,-0.15769909274193547,0.13877084580893204,62.0,"ols_team(fe+spline,clustered,track)",0.029736631645576498,3.1025995813945864,1.0,-0.15732487064381287,0.13863224612699898,0.9980034643910841,0.0019965356089159,-0.11422961281992568,0.7219450599695,0.05,0.12046512221434962,0.005167358248040229,0.05,-0.11399005561422176,0.7223460679251904,0.05
2025,Monaco Grand Prix,LAW,Racing Bulls,-0.1412109375,0.12272408996595564,55.0,"ols_team(fe+spline,clustered,track)",0.4650698047302342,3.46289686287751,1.0,-0.140450420055333,0.1226470933762496,0.9987456018446679,0.0012543981553320537,-0.11059732825037055,0.768507163481958,0.05,0.12442559272364069,0.00415225326722679,0.05,-0.10997528907635609,0.7687303906315411,0.05
2025,Monaco Grand Prix,BEA,Haas F1 Team,-0.1384429931640625,0.16972183780648054,64.0,"ols_team(fe+spline,clustered,track)",0.05189301313498618,3.724028754706599,1.0,-0.1380484729756352,0.16954585054583124,0.9979272435305413,0.002072756469458763,-0.08776385644232941,0.6344734642395955,0.05,0.12062659770663946,0.003592369476936058,0.05,-0.08756554020522667,0.634954535951138,0.05
2025,Monaco Grand Prix,SAI,Williams,-0.07572234623015874,0.20994934553743683,63.0,"ols_team(fe+spline,clustered,track)",0.05043334249052123,2.7017274125498734,1.0,-0.07496509824220868,0.20931828793602045,0.9939975121563748,0.006002487843625257,-0.04254005361511527,0.5314697724644653,0.05,0.1198637035816561,0.006803340320396713,0.05,-0.042208273259754445,0.5329686652888009,0.05
2025,Monaco Grand Prix,ANT,Mercedes,-0.06267438616071429,0.11592545977291847,56.0,"ols_team(fe+spline,clustered,track)",0.4600712218358325,9.058196571268473,1.0,-0.06258878228268949,0.11591596751217983,0.9998362418034408,0.00016375819655928687,-0.050610857909758014,0.7881622789535268,0.05,0.12236360779913999,0.0006090065358537872,0.05,-0.050533842376800656,0.7881896213800949,0.05
2025,Monaco Grand Prix,ALO,Aston Martin,-0.037109375,0.24869843115516962,23.0,"ols_team(fe+spline,clustered,track)",0.0,2.4098346068552643,1.0,-0.03671830523057454,0.24738453093583324,0.9894616988449559,0.01053830115504397,-0.02394342658709838,0.44702363308815274,0.05,0.12077890233298379,0.00853635221376049,0.05,-0.023709288320250446,0.4496439021209227,0.05
2025,Monaco Grand Prix,TSU,Red Bull Racing,-0.0087890625,0.12085792225587488,58.0,"ols_team(fe+spline,clustered,track)",0.6486786703045482,4.813081778172218,1.0,-0.00837477248983712,0.12081983816633478,0.9993698702012407,0.0006301297987593266,-0.0072321762626420425,0.7739142916864469,0.05,0.12473877982796809,0.0021537097289441123,0.05,-0.006872647949234115,0.7740245618122213,0.05
2025,Monaco Grand Prix,HUL,Kick Sauber,-0.003642733134920635,0.15685897608435231,63.0,"ols_team(fe+spline,clustered,track)",0.0,3.619827897077135,1.0,-0.003635905732199257,0.15671191045614144,0.9981257472154828,0.0018742527845172629,-0.003642352267930803,0.6701987177611936,0.05,0.12135104792535535,0.0038013696169796212,0.05,-0.0035974182382985664,0.6706132445776144,0.05
2025,Monaco Grand Prix,BOR,Kick Sauber,0.0037512400793650795,0.17865826954692637,63.0,"ols_team(fe+spline,clustered,track)",0.17580389445271294,5.853212799463455,1.0,0.003911385516659818,0.17857510324033912,0.9990692068199818,0.0009307931800181857,0.000870707299774562,0.6103606726284936,0.05,0.1218927875198351,0.0014572968277426416,0.05,0.0010178372041520223,0.6105821146595659,0.05
2025,Monaco Grand Prix,VER,Red Bull Racing,0.009189293032786885,0.11739055309185936,61.0,"ols_team(fe+spline,clustered,track)",0.0,1.0752518532851643,1.0,0.009081054430148325,0.1166971467977907,0.9882212263497996,0.0117787736502003,0.006792715551478838,0.7839381489594508,0.05,0.11848393061092463,0.04145364509004995,0.05,0.006767361089498918,0.7859383176807749,0.05
2025,Monaco Grand Prix,STR,Aston Martin,0.01310483870967742,0.1186542092429211,62.0,"ols_team(fe+spline,clustered,track)",0.07256711069190658,10.848641184167972,1.0,0.013111950929294064,0.11864711297832933,0.9998803910550412,0.00011960894495876128,0.00730337630590009,0.7802890086018233,0.05,0.12179787552936362,0.0004246536388548161,0.05,0.0073576414958421345,0.7803095146675871,0.05
2025,Monaco Grand Prix,COL,Alpine,0.01517547123015873,0.14158563269727267,63.0,"ols_team(fe+spline,clustered,track)",0.0,4.442295149923447,1.0,0.015160071085891187,0.1415137735570297,0.9989851949877551,0.001014805012244876,-0.015799584464934097,0.7138116272557299,0.05,0.12155298799602333,0.0025272965466607,0.05,-0.015582107671274034,0.7140189965049039,0.05
2025,Monaco Grand Prix,RUS,Mercedes,0.05747310450819672,0.2084595497010273,61.0,"ols_team(fe+spline,clustered,track)",0.0,5.055070911393184,1.0,0.05737553461456547,0.20828252763178753,0.9983023382073031,0.0016976617926969153,0.02808581476449608,0.535014655485981,0.05,0.121919261710842,0.0019528395559431527,0.05,0.02808463170293366,0.5354373232052542,0.05
2025,Monaco Grand Prix,ALB,Williams,0.07713268649193548,0.22534391830301578,62.0,"ols_team(fe+spline,clustered,track)",0.0,2.1115488651684253,1.0,0.07626410694260836,0.22407154421990946,0.9887391508213844,0.01126084917861546,0.03579881350558668,0.49613076784560806,0.05,0.11900475618534777,0.011089822078258304,0.05,0.035634515987280055,0.4989618752450112,0.05
2025,Monaco Grand Prix,HAD,Racing Bulls,0.1253937752016129,0.1106163600162126,62.0,"ols_team(fe+spline,clustered,track)",0.0,2.9853038438029356,1.0,0.12522184912248732,0.11054050154438765,0.9986289105751129,0.0013710894248871338,0.09897768653204232,0.8033938040415585,0.05,0.12231899699988247,0.005579087502053401,0.05,0.09892546369371918,0.8036104290266066,0.05
2025,Monaco Grand Prix,OCO,Haas F1 Team,0.14547579405737704,0.10169843345170379,61.0,"ols_team(fe+spline,clustered,track)",0.0,1.9140802037647318,1.0,0.1450662744305554,0.101555190185975,0.9971849637977563,0.0028150362022436406,0.12057654989679267,0.8286024090072636,0.05,0.11924699360361196,0.01346365060533024,0.05,0.12030196209610357,0.8290023947238774,0.05
2025,Monaco Grand Prix,PIA,McLaren,0.16001216700819673,0.11656700712936109,61.0,"ols_team(fe+spline,clustered,track)",0.0,3.3395657582305502,1.0,0.15981745376059506,0.11649606236937607,0.9987831347375496,0.0012168652624503897,0.12552805922705357,0.7863135255219486,0.05,0.1203966195309317,0.004463209979642317,0.05,0.12543246873275785,0.7865180419583887,0.05
2025,Monaco Grand Prix,LEC,Ferrari,0.3326297883064516,0.13393938699096478,62.0,"ols_team(fe+spline,clustered,track)",0.0,2.8071602877050306,1.0,0.33187425128488374,0.1337871852056677,0.9977285948278577,0.002271405172142334,0.24391726155412524,0.735946085926056,0.05,0.12141620220958782,0.006305051866129154,0.05,0.24359754346289744,0.7363877517308881,0.05
2025,Spanish Grand Prix,ANT,Mercedes,-0.3000127618963068,0.041835929375450276,44.0,"ols_team(fe+spline,clustered,track)",0.32114429472511574,0.17370783945723894,1.0,-0.2659583012936872,0.0406729534679033,0.9451757647448336,0.05482423525516649,-0.2908563234856373,0.9661790009466192,0.05,0.2592384879668915,0.6236403588648793,0.05,-0.2586744356260473,0.9679738280939887,0.05
2025,Spanish Grand Prix,PIA,McLaren,-0.15251386926529256,0.056339453271149025,47.0,"ols_team(fe+spline,clustered,track)",0.0,0.09718314613010202,1.0,-0.1141502075407227,0.04874121055612514,0.748457881834749,0.251542118165251,-0.14341677130881608,0.9403068041466007,0.05,0.006557261793735718,0.8411198051861499,0.05,-0.10817070608038006,0.9546410768319509,0.05
2025,Spanish Grand Prix,OCO,Haas F1 Team,-0.10473858868634259,0.10058530740851802,54.0,"ols_team(fe+spline,clustered,track)",0.12881931512285405,0.02885147297326403,1.0,0.11106418316780596,0.027733150937190903,0.07602025735576486,0.9239797426442352,-0.0864872565167659,0.8317059057426993,0.05,0.12794748743590387,0.9836244723831724,0.05,0.1109533647846384,0.984850485002576,0.05
2025,Spanish Grand Prix,BOR,Kick Sauber,-0.09404930701622596,0.08425104056993761,52.0,"ols_team(fe+spline,clustered,track)",0.0,0.06664498026901167,1.0,-0.03619866343127666,0.05226894582170456,0.38489027276970195,0.615109727230298,-0.08123819196787313,0.8756837670303199,0.05,0.0032030360274076033,0.9184161156676285,0.05,-0.03313228515484764,0.9481900841013402,0.05
2025,Spanish Grand Prix,HAM,Ferrari,-0.032802734375,0.059709712925036955,50.0,"ols_team(fe+spline,clustered,track)",0.0,0.08899025967533221,1.0,-0.022619463144804747,0.04958280660460669,0.6895602935480817,0.3104397064519184,-0.03066685572685669,0.9334409933729174,0.05,0.003886134502422492,0.8632706037101976,0.05,-0.021053331867407758,0.9531352052906704,0.05
2025,Spanish Grand Prix,ALB,Williams,-0.028628879123263888,0.1100180873958999,18.0,"ols_team(fe+spline,clustered,track)",0.0,0.10986616094721949,1.0,-0.014294658782011537,0.07774076587007396,0.4993090620301536,0.5006909379698464,-0.024792747311767206,0.8051013857545433,0.05,0.0431893439005083,0.8055346893800633,0.05,0.010567004763912508,0.8921621059111257,0.05
2025,Spanish Grand Prix,COL,Alpine,-0.02705970177283654,0.12238502512354278,52.0,"ols_team(fe+spline,clustered,track)",0.27330742407011144,0.04098504168671724,1.0,0.2430185071191822,0.03886368291493837,0.10083965369354811,0.8991603463064518,-0.020950147991865484,0.7694900947976945,0.05,0.26886771678695776,0.9674964976879313,0.05,0.23964891251046658,0.9706780326957832,0.05
2025,Spanish Grand Prix,HAD,Racing Bulls,-0.023020426432291668,0.052096432343183625,48.0,"ols_team(fe+spline,clustered,track)",0.0,0.08839808047205616,1.0,-0.017086081656570794,0.04488203496198246,0.7422139510240986,0.25778604897590135,-0.02188494906350083,0.9485139376089374,0.05,0.017779876618013946,0.8648391252906615,0.05,-0.012923919646715562,0.9612723173563894,0.05
2025,Spanish Grand Prix,VER,Red Bull Racing,-0.00844703530365566,0.06808297598027344,53.0,"ols_team(fe+spline,clustered,track)",0.0,0.11869767096898814,1.0,-0.006355944966778396,0.059057687904334334,0.7524468335094688,0.2475531664905311,-0.00773473040480749,0.9151593872562891,0.05,0.0913080540265877,0.7801634140756839,0.05,0.020666566244956663,0.934792423395864,0.05
2025,Spanish Grand Prix,ALO,Aston Martin,2.44140625e-05,0.08410201995290419,50.0,"ols_team(fe+spline,clustered,track)",0.0,0.12149675535630114,1.0,1.6505319918433377e-05,0.06915098553552144,0.6760579038590312,0.3239420961409689,-1.7643262257326824e-05,0.876068697980004,0.05,0.031304837626264334,0.7720641071704034,0.05,0.011819312802869006,0.9127109063979535,0.05
2025,Spanish Grand Prix,TSU,Red Bull Racing,0.008701698452818627,0.09368773046134965,51.0,"ols_team(fe+spline,clustered,track)",0.8709138157489349,0.019818038049869813,1.0,0.8339855244774259,0.019388993445308658,0.04282970574261404,0.957170294257386,0.007394598716856755,0.850667225718792,0.05,0.8673631721043068,0.9922061289363303,0.05,0.8308069699623254,0.9925374470717285,0.05
2025,Spanish Grand Prix,SAI,Williams,0.009577998408564815,0.08053056598738736,54.0,"ols_team(fe+spline,clustered,track)",0.454399174544946,0.004090955528688767,1.0,0.45325420442646724,0.004085687074597048,0.0025740009242000883,0.9974259990757999,0.007451202195658037,0.8851880622482432,0.05,0.45432144335582686,0.9996653936561267,0.05,0.45317510603365707,0.9996662546457179,0.05
2025,Spanish Grand Prix,LAW,Racing Bulls,0.021271925706129808,0.08847013960317396,52.0,"ols_team(fe+spline,clustered,track)",0.26244335169627675,0.053956124869155894,1.0,0.19705886907494158,0.04606500607004158,0.2711120621064223,0.7288879378935776,0.01826194160079395,0.8646485161376873,0.05,0.2552411691044081,0.9449783803443176,0.05,0.19271603263096443,0.959288104760069,0.05
2025,Spanish Grand Prix,GAS,Alpine,0.02649501584610849,0.10149041360994106,53.0,"ols_team(fe+spline,clustered,track)",0.0,0.1115626734859638,1.0,0.01449728831939104,0.07507344038475076,0.5471703962585235,0.45282960374147646,0.02187438761022927,0.8291832153056751,0.05,0.027248976877240164,0.8006888471514123,0.05,0.026005577289235138,0.8986983377999814,0.05
2025,Spanish Grand Prix,LEC,Ferrari,0.031523484450120196,0.06116634249748505,52.0,"ols_team(fe+spline,clustered,track)",0.045737284345960916,0.047481144024626463,1.0,0.04039278754884152,0.037506870089947436,0.3760076008023241,0.6239923991976758,0.0292792886100205,0.9303827789630023,0.05,0.04499023981192336,0.9568561405208938,0.05,0.03958293192518302,0.972634627064616,0.05
2025,Spanish Grand Prix,BEA,Haas F1 Team,0.113212890625,0.07924511439872255,50.0,"ols_team(fe+spline,clustered,track)",0.0,0.18759337011622026,1.0,0.0960695391356587,0.07299908402579801,0.8485742092203442,0.1514257907796558,0.10099443399132685,0.8884184116213717,0.05,0.031220849369201137,0.5869145808711164,0.05,0.09680918755103504,0.9036874125933573,0.05
2025,Spanish Grand Prix,HUL,Kick Sauber,0.11367584938226744,0.08201624336561543,43.0,"ols_team(fe+spline,clustered,track)",0.07302487262590773,0.03388223440090599,1.0,0.07895116001484741,0.03131523929588772,0.14578462467110415,0.8542153753288958,0.10126375133100475,0.8814197119901056,0.05,0.07226704194804742,0.9775552186275378,0.05,0.07787464515362871,0.9807643817116609,0.05
2025,Spanish Grand Prix,NOR,McLaren,0.15241127825797873,0.04278863312367344,47.0,"ols_team(fe+spline,clustered,track)",0.04748298941247242,0.16417813549151045,1.0,0.14573740053903733,0.04140551078478462,0.9363958204944347,0.06360417950556521,0.14702341299714558,0.964676123974711,0.05,0.04530740498167772,0.6497349196822547,0.05,0.14149196338480524,0.9668483868670319,0.05
2025,Spanish Grand Prix,RUS,Mercedes,0.24007679332386364,0.05853163136912642,55.0,"ols_team(fe+spline,clustered,track)",0.0,0.1043214370527786,1.0,0.18259573407028376,0.05104589836649908,0.76057219668026,0.23942780331973998,0.2228041982042401,0.9358747621564013,0.05,0.028003052164576825,0.8212478199095165,0.05,0.1716431756686716,0.9504676385745837,0.05
2025,Spanish Grand Prix,STR,Aston Martin,,,,,0.27461426686831203,0.1075168375920278,1.0,0.27461426686831203,0.1075168375920278,0.0,1.0,,,0.05,0.2488366535056536,0.8122174348792256,0.05,0.2484406416741107,0.8122174348792256,0.05
2025,Canadian Grand Prix,BOR,Kick Sauber,-0.648310546875,0.057234815803343636,50.0,"ols_team(fe+spline,clustered,track)",0.0,5.338955207136552,1.0,-0.6482360494599363,0.05723152728031536,0.9998850899226878,0.00011491007731225056,-0.611926009256462,0.938511995019885,0.05,0.10849067332541887,0.0017510410032736397,0.05,-0.611859703613483,0.9385186262090247,0.05
2025,Canadian Grand Prix,BEA,Haas F1 Team,-0.20290190598060345,0.09690849156077486,58.0,"ols_team(fe+spline,clustered,track)",0.32125107432179334,3.525140819379597,1.0,-0.2025060832803743,0.0968718936334906,0.9992448336361632,0.0007551663638367016,-0.16910568881542848,0.8418747739863025,0.05,0.10974470191266424,0.004007496327586595,0.05,-0.16876378412341553,0.8419753149759929,0.05
2025,Canadian Grand Prix,ALO,Aston Martin,-0.1646770608836207,0.06818931319999837,58.0,"ols_team(fe+spline,clustered,track)",0.0,2.890368642749018,1.0,-0.16458545621368834,0.06817034477654577,0.9994437314496577,0.0005562685503421842,-0.15068739270285203,0.914916725601891,0.05,0.10617384797554416,0.0059493843813385695,0.05,-0.150614937940312,0.9149600298821219,0.05
2025,Canadian Grand Prix,GAS,Alpine,-0.163740234375,0.0759731097420715,50.0,"ols_team(fe+spline,clustered,track)",0.13797559009107374,5.796959647697333,1.0,-0.1636884208960522,0.0759665860535246,0.9998282705952216,0.00017172940477835213,-0.1478147070924752,0.8965085999097315,0.05,0.1082653608535571,0.0014856747751142321,0.05,-0.14776765295872413,0.8965245334068275,0.05
2025,Canadian Grand Prix,NOR,McLaren,-0.1202452612704918,0.04770423621556178,61.0,"ols_team(fe+spline,clustered,track)",0.36011766489703234,0.8093539754187904,1.0,-0.11858223075625154,0.04762158788959056,0.9965379707224528,0.0034620292775472943,-0.11492996541879993,0.9564674522302171,0.05,0.12719787869505988,0.07091656823981278,0.05,-0.113321423623475,0.956611624081556,0.05
2025,Canadian Grand Prix,TSU,Red Bull Racing,-0.039966724537037035,0.058848043295672336,54.0,"ols_team(fe+spline,clustered,track)",0.5123487817151045,0.5337550857128962,1.0,-0.03333357309781093,0.058493601802081026,0.9879902856897197,0.012009714310280393,-0.03750134124242993,0.9352246183817468,0.05,0.19251833791392234,0.14930075371621893,0.05,-0.031115349039508244,0.9359527276696116,0.05
2025,Canadian Grand Prix,RUS,Mercedes,-0.03487422548491379,0.039094561131930924,58.0,"ols_team(fe+spline,clustered,track)",0.0,0.7263008084673036,1.0,-0.03477347486650869,0.03903804876437901,0.9971110292198837,0.0028889707801163255,-0.033838921600953475,0.9703389749417323,0.05,0.09396131419161466,0.0865781579665001,0.05,-0.033738760810666416,0.9704221302536645,0.05
2025,Canadian Grand Prix,LAW,Racing Bulls,-0.024697043678977272,0.07922592264138059,44.0,"ols_team(fe+spline,clustered,track)",0.20771205959258054,5.859570664490187,1.0,-0.024654564436126142,0.07921868193747217,0.9998172221214524,0.00018277787854761605,-0.02223050559134256,0.8884664239986193,0.05,0.10848918159140525,0.0014541406906387706,0.05,-0.022192881076693257,0.8884845365292409,0.05
2025,Canadian Grand Prix,HAM,Ferrari,-0.013158765889830509,0.05062541339044258,59.0,"ols_team(fe+spline,clustered,track)",0.0,3.8593988292359476,1.0,-0.013156502088647352,0.05062105846836092,0.9998279625002747,0.00017203749972528,-0.012525967967648668,0.9512406869254886,0.05,0.10736664865327032,0.003345609641284892,0.05,-0.012522962732757412,0.9512486664086339,0.05
2025,Canadian Grand Prix,ALB,Williams,-0.01197451636904762,0.10620398781397714,42.0,"ols_team(fe+spline,clustered,track)",0.11791355505118872,2.5590173780372254,1.0,-0.011751181230073994,0.10611264267813708,0.9982805569708473,0.001719443029152805,-0.010032714844926526,0.8159363860987346,0.05,0.1079589664533973,0.007577399413256998,0.05,-0.009828827144502639,0.8161947010276989,0.05
2025,Canadian Grand Prix,SAI,Williams,0.009736902573529412,0.046431550755652196,51.0,"ols_team(fe+spline,clustered,track)",0.0,3.678358239704021,1.0,0.009735351365795536,0.04642785205121678,0.9998406877626471,0.00015931223735282836,0.00927552428988766,0.9586645161109645,0.05,0.10748575730553214,0.0036817985460920965,0.05,0.009279577851549096,0.9586708291965282,0.05
2025,Canadian Grand Prix,LEC,Ferrari,0.013204640355603448,0.06678969319242384,58.0,"ols_team(fe+spline,clustered,track)",0.033843566898042354,3.6522333595330907,1.0,0.013211540270728489,0.0667785278409576,0.99966568439929,0.00033431560070985075,0.012108247420836365,0.9180904807333636,0.05,0.10745114622721418,0.0037344622528113786,0.05,0.01211652351380751,0.9181156220719819,0.05
2025,Canadian Grand Prix,HAD,Racing Bulls,0.01984197443181818,0.053184483174375775,55.0,"ols_team(fe+spline,clustered,track)",0.0,0.8459644145672152,1.0,0.019763858891449982,0.053079689377138355,0.9960631165695419,0.00393688343045804,0.018641317347338177,0.9464572253271494,0.05,0.10126940056967133,0.06530349617465829,0.05,0.01857197877727202,0.946656772682014,0.05
2025,Canadian Grand Prix,ANT,Mercedes,0.03510994746767242,0.0372124963454263,58.0,"ols_team(fe+spline,clustered,track)",0.1435772739609149,0.775902172747792,1.0,0.03535887033626061,0.0371697721343289,0.9977050889273674,0.00229491107263257,0.03416458476338205,0.9730509665144459,0.05,0.10598919109401278,0.07668427246298355,0.05,0.03441373705395392,0.9731111491917269,0.05
2025,Canadian Grand Prix,VER,Red Bull Racing,0.03635212526483051,0.0373094298542467,59.0,"ols_team(fe+spline,clustered,track)",0.0,0.7551300991548667,1.0,0.036263600540274304,0.037263974187229904,0.9975647991991861,0.0024352008008140043,0.0353158669835545,0.9729141942211129,0.05,0.1253919332057488,0.08061636478030006,0.05,0.03531884321142927,0.9729783712672688,0.05
2025,Canadian Grand Prix,PIA,McLaren,0.12430481991525423,0.04699730975622069,59.0,"ols_team(fe+spline,clustered,track)",0.0,3.579688864939268,1.0,0.1242833974941337,0.046993259874877326,0.9998276621844983,0.00017233781550164682,0.11912441027187254,0.9576939259035929,0.05,0.10899391759308096,0.003886763840128273,0.05,0.11913913429201894,0.9577009084399991,0.05
2025,Canadian Grand Prix,COL,Alpine,0.14361036869517543,0.0701768358325354,57.0,"ols_team(fe+spline,clustered,track)",0.0,4.3596311787075805,1.0,0.14357316711852172,0.07016774575758199,0.9997409548001881,0.0002590451998118617,0.12984978129193975,0.9103357802365818,0.05,0.10793720557010404,0.0026237926336037474,0.05,0.12982180536892257,0.9103569251749228,0.05
2025,Canadian Grand Prix,STR,Aston Martin,0.16490857354525862,0.09085787203422627,58.0,"ols_team(fe+spline,clustered,track)",0.0007030349788408329,2.2990076311617518,1.0,0.16465250613068796,0.0907870010453299,0.9984405677372016,0.0015594322627984559,0.14150393548122578,0.8582931723952704,0.05,0.10581494337115709,0.00937130520804925,0.05,0.1413083835982321,0.8584828818301513,0.05
2025,Canadian Grand Prix,OCO,Haas F1 Team,0.22637469951923078,0.03750774490045552,52.0,"ols_team(fe+spline,clustered,track)",0.0,2.7095655951900173,1.0,0.22633132973676814,0.03750415178545527,0.9998084159468583,0.00019158405314177108,0.22047593813695315,0.9726333854444122,0.05,0.10815709070089809,0.006764301956571368,0.05,0.22044006947238262,0.9726384849947365,0.05
2025,Canadian Grand Prix,HUL,Kick Sauber,0.5314741290983607,0.06327561561271967,61.0,"ols_team(fe+spline,clustered,track)",0.3319634019121338,2.8953563718888287,1.0,0.5313788873002288,0.06326051065347395,0.9995226231718206,0.00047737682817943535,0.48787646414742714,0.9258607122208007,0.05,0.11000482544112224,0.005929025869942296,0.05,0.4878079270269969,0.9258934817929363,0.05
2025,Austrian Grand Prix,ALO,Aston Martin,-0.17777326030115928,0.042914222132021305,62.0,"ols_team(fe+spline,clustered,track)",0.40078880654894533,0.2850468986612073,1.0,-0.16495036490731643,0.042435995231549166,0.9778366123039224,0.022163387696077588,-0.17135691091203845,0.9644758383404833,0.05,0.2663923202638787,0.3809473468271667,0.05,-0.15939260069127903,0.9652358030122066,0.05
2025,Austrian Grand Prix,HAM,Ferrari,-0.15207109294953894,0.03727791621550901,61.0,"ols_team(fe+spline,clustered,track)",0.0,0.19920581284937888,1.0,-0.14692594652323412,0.03664186268405082,0.9661661771049932,0.03383382289500683,-0.14795928439865247,0.9729586944910288,0.05,0.05040960764642578,0.5575195366086634,0.05,-0.14296354445402434,0.9738496800238309,0.05
2025,Austrian Grand Prix,BOR,Kick Sauber,-0.058966064453125,0.04418098343890991,60.0,"ols_team(fe+spline,clustered,track)",0.11507213572090791,0.23219156309699296,1.0,-0.052885044047405794,0.04340226296002362,0.9650592777928158,0.034940722207184256,-0.05671326594260776,0.9624276095835657,0.05,0.10630055723047574,0.48117211074852867,0.05,-0.05084288055492722,0.9636927516497251,0.05
2025,Austrian Grand Prix,COL,Alpine,-0.0366790771484375,0.06929080949860376,60.0,"ols_team(fe+spline,clustered,track)",0.2643951285826631,0.40256681080354667,1.0,-0.028016057133167693,0.06828665686544753,0.971226296207497,0.028773703792503044,-0.03343913318829623,0.9123885087448527,0.05,0.17163541593396506,0.23578228443932533,0.05,-0.02528974551546615,0.9146943682705048,0.05
2025,Austrian Grand Prix,PIA,McLaren,-0.029592045017930328,0.054397198045214354,61.0,"ols_team(fe+spline,clustered,track)",0.649133397676934,3.4236334550241287,1.0,-0.02942074277792579,0.05439033300868848,0.9997476118777509,0.00025238812224923974,-0.027896005787258316,0.9441256052151945,0.05,0.15805645370293317,0.004247631465812553,0.05,-0.02773245092110601,0.9441389194939428,0.05
2025,Austrian Grand Prix,OCO,Haas F1 Team,-0.00276416843220339,0.0421302178593211,59.0,"ols_team(fe+spline,clustered,track)",0.0,0.25679474513468437,1.0,-0.002691717395167915,0.04157441855503509,0.9737892104578729,0.026210789542127008,-0.0026687369736616766,0.965717879463774,0.05,0.15096261208073775,0.43124437560916923,0.05,-0.0018440008254435453,0.9665864167525134,0.05
2025,Austrian Grand Prix,LAW,Racing Bulls,-0.00044352213541666666,0.043699053894715914,60.0,"ols_team(fe+spline,clustered,track)",0.07869236576607364,0.19149080979231226,1.0,0.003473662474764199,0.0426037880831865,0.9505005287227327,0.04949947127726732,-0.0004261475359803965,0.9632128345752707,0.05,0.07894801473288711,0.5769093404792599,0.05,0.003436496589998504,0.9649699920874777,0.05
2025,Austrian Grand Prix,ALB,Williams,-1.3563368055555555e-05,0.1306858528530635,9.0,"ols_team(fe+spline,clustered,track)",0.0,0.2886234344047833,1.0,-1.1255730234046755e-05,0.1190506143413604,0.8298624786957993,0.17013752130420062,1.9640489785541384e-05,0.7453920741249626,0.05,0.08088582424658167,0.37508396192332805,0.05,0.020820622149355483,0.7791432845159676,0.05
2025,Austrian Grand Prix,RUS,Mercedes,-4.502593493852459e-06,0.048419689455110056,61.0,"ols_team(fe+spline,clustered,track)",0.0919774934261568,0.16002374690147644,1.0,0.007710443884114592,0.04634463637718391,0.916125472250458,0.08387452774954193,-3.493247998454897e-06,0.9552108084876366,0.05,0.08738959150954413,0.6613091842987197,0.05,0.0076763071832472605,0.9588127537876213,0.05
2025,Austrian Grand Prix,TSU,Red Bull Racing,6.84014682112069e-06,0.09865725315927283,58.0,"ols_team(fe+spline,clustered,track)",0.3710158124769123,0.3319837271123589,1.0,0.030112978811210223,0.09456972341808738,0.9188533407283658,0.0811466592716343,1.9898081855374765e-05,0.8370546887340347,0.05,0.23368071786482777,0.3120841574812949,0.05,0.02787216156796518,0.8482709235822593,0.05
2025,Austrian Grand Prix,HAD,Racing Bulls,0.0004684206039186508,0.07099999246658366,63.0,"ols_team(fe+spline,clustered,track)",0.0,0.2675640807564511,1.0,0.00043760681785767546,0.06862499844521086,0.9342176970799373,0.06578230292006271,0.0004281554249458,0.9084137456036613,0.05,0.046688556955918094,0.4112162106175531,0.05,0.000607622171854457,0.9139198887764207,0.05
2025,Austrian Grand Prix,BEA,Haas F1 Team,0.002778134103548729,0.05888444092444434,59.0,"ols_team(fe+spline,clustered,track)",0.6569224087097609,0.2151602474622554,1.0,0.04835902992583398,0.05679586143542173,0.9303198123231692,0.06968018767683086,0.002599238407076397,0.935149664099892,0.05,0.4687080413782704,0.5192435173827642,0.05,0.046802662900482406,0.9393945849220203,0.05
2025,Austrian Grand Prix,NOR,McLaren,0.031130034348060345,0.044721007505968406,58.0,"ols_team(fe+spline,clustered,track)",0.0,0.2636715668811579,1.0,0.030259553786110054,0.04409131370931463,0.9720372758919064,0.027962724108093712,0.029962068148508204,0.9615390437808836,0.05,0.09071811565848435,0.4183305933994028,0.05,0.029157094477631675,0.9625742665186775,0.05
2025,Austrian Grand Prix,GAS,Alpine,0.037266100867319914,0.05957661176852511,59.0,"ols_team(fe+spline,clustered,track)",0.0,0.22910697325886806,1.0,0.03490577345172614,0.05765904643148505,0.9366628823338037,0.06333711766619621,0.0348160195853646,0.9337177544225812,0.05,0.07324554062619114,0.48785244867984084,0.05,0.032975390452602456,0.9376541450310129,0.05
2025,Austrian Grand Prix,HUL,Kick Sauber,0.06097727808459052,0.05678197750692208,58.0,"ols_team(fe+spline,clustered,track)",0.0,0.30659865878065706,1.0,0.058955178752417355,0.055832551655616305,0.9668384782710698,0.03316152172893007,0.05734356442415233,0.9394224169554178,0.05,0.06408097492186607,0.34721562134921097,0.05,0.055692583167613566,0.9413133694571039,0.05
2025,Austrian Grand Prix,LEC,Ferrari,0.1520265673027664,0.040404675053903015,61.0,"ols_team(fe+spline,clustered,track)",0.20408298747665296,0.1448570205159962,1.0,0.15578424850581743,0.038919062010881314,0.927815220668285,0.07218477933171497,0.1472192731189976,0.9683816090232963,0.05,0.1774312624626213,0.7043884885583375,0.05,0.15133890179371778,0.9705968668705045,0.05
2025,Austrian Grand Prix,STR,Aston Martin,0.18363800048828124,0.07425189611420151,60.0,"ols_team(fe+spline,clustered,track)",0.0,0.16728335682698503,1.0,0.15341268177265294,0.06786672646258726,0.8354081473591458,0.16459185264085424,0.1656825291470512,0.9006843459303921,0.05,0.06591490228385298,0.6411594504168213,0.05,0.14004415477402385,0.9156520964175486,0.05
2025,Austrian Grand Prix,ANT,Mercedes,,,,,0.0,0.2475652301219245,1.0,0.0,0.2475652301219245,0.0,1.0,,,0.05,0.04319359868026828,0.4492825458746815,0.05,0.003789831890466291,0.4492825458746815,0.05
2025,Austrian Grand Prix,VER,Red Bull Racing,,,,,0.0,0.21081441175530005,1.0,0.0,0.21081441175530005,0.0,1.0,,,0.05,0.08064607106703857,0.529421452599259,0.05,0.007220762768093648,0.529421452599259,0.05
2025,Austrian Grand Prix,SAI,Williams,,,,,0.22995339330890374,0.19716798620595433,1.0,0.22995339330890374,0.19716798620595433,0.0,1.0,,,0.05,0.18598516738483478,0.5625865447552615,0.05,0.17062193054473315,0.5625865447552615,0.05
2025,British Grand Prix,ALO,Aston Martin,-2.684272557315934e-14,0.17569872629961694,9.0,"ols_team(fe+spline,clustered,track)",2.909969920920716,0.2069955843654394,1.0,1.2185877569705021,0.13395077679602382,0.5812369921043872,0.4187630078956129,-1.3431508178085877e-14,0.6182759214874531,0.05,1.7935971885917055,0.5385193641509594,0.05,1.0142943710864005,0.7359130356150787,0.05
2025,British Grand Prix,BEA,Haas F1 Team,-2.0526790144180672e-14,0.15385046851496392,9.0,"ols_team(fe+spline,clustered,track)",0.0,0.5665883708845572,1.0,-1.911721885473546e-14,0.1484740851475082,0.9313301651381269,0.06866983486187302,-1.3155059850729392e-14,0.6787026282937739,0.05,0.6676005736346635,0.13476275939893811,0.05,0.14698948510564086,0.6940149844982075,0.05
2025,British Grand Prix,VER,Red Bull Racing,-1.5987211554602254e-14,0.11304238633945078,8.0,"ols_team(fe+spline,clustered,track)",0.0,0.6111635903386349,1.0,-1.54583631572073e-14,0.11115697229096981,0.9669205354799527,0.03307946452004725,-1.2142190982449422e-14,0.7964499852733843,0.05,0.3826310022272978,0.11805791867097867,0.05,0.021395174756489166,0.8018490962323427,0.05
2025,British Grand Prix,PIA,McLaren,-1.4210854715202004e-14,0.3008453218506566,7.0,"ols_team(fe+spline,clustered,track)",0.0,0.5963503707878558,1.0,-1.1327925802424998e-14,0.2686014549047528,0.7971319128544039,0.20286808714559612,-1.860038899756987e-17,0.3558518579187525,0.05,0.28645544551392316,0.12326390046004904,0.05,0.029455688711277322,0.4093437070402818,0.05
2025,British Grand Prix,ALB,Williams,-1.4210854715202004e-14,0.19241397778578204,9.0,"ols_team(fe+spline,clustered,track)",0.0,1.0146423811236993,1.0,-1.371754065411453e-14,0.18904476094898517,0.965286109036091,0.03471389096390895,-8.326779939520314e-15,0.5745598315835061,0.05,0.3945277679423911,0.04631777566846027,0.05,0.031938735869284626,0.5831725220565148,0.05
2025,British Grand Prix,HAM,Ferrari,-2.0301221021717147e-15,0.3171045390090855,7.0,"ols_team(fe+spline,clustered,track)",0.0,0.5956590259714722,1.0,-1.5818234182782307e-15,0.27991126645585124,0.7791764921854117,0.22082350781458837,6.781201390330984e-16,0.3321039097660705,0.05,0.28642405972685653,0.1235148344037683,0.05,0.026724222727001253,0.3895588350230642,0.05
2025,British Grand Prix,HUL,Kick Sauber,-1.7763568394002505e-15,0.09599217716953777,8.0,"ols_team(fe+spline,clustered,track)",0.06874531663079608,1.503678706493311,1.0,0.0002790219754040936,0.09579717363323603,0.9959412220485596,0.00405877795144038,-1.6547889424410654e-15,0.8443878040535039,0.05,0.38822566849089746,0.02163519072336275,0.05,0.020495678733158038,0.8449214525139279,0.05
2025,British Grand Prix,HAD,Racing Bulls,0.0,0.5681687600646512,2.0,"ols_team(fe+spline,clustered,track)",0.0,0.8740773002113138,1.0,0.0,0.47637285896262577,0.7029740892346236,0.2970259107653765,2.432188389009907e-15,0.13411450925224855,0.05,0.3707728457735912,0.061424221803889,0.05,0.11520652991160413,0.18055032411839336,0.05
2025,British Grand Prix,ANT,Mercedes,0.0,,1.0,"ols_team(fe+spline,clustered,track)",0.026039148617243768,0.624891237087893,1.0,0.026039148617243768,0.624891237087893,0.0,1.0,,,0.05,0.3390191452414204,0.11351019751895777,0.05,0.09128938589078311,0.11351019751895777,0.05
2025,British Grand Prix,LEC,Ferrari,4.736951571734001e-15,0.09784621496260308,9.0,"ols_team(fe+spline,clustered,track)",0.040411480483854234,0.6075948568660673,1.0,0.0010215166840641906,0.09660162688553732,0.9747221167888738,0.025277883211126208,4.301086605795449e-15,0.839293974203994,0.05,0.292627395389249,0.11928291593398845,0.05,0.007746454481896349,0.8427173517714176,0.05
2025,British Grand Prix,GAS,Alpine,5.329070518200751e-15,0.07813604876950833,8.0,"ols_team(fe+spline,clustered,track)",0.03012238119615063,0.6402467124506788,1.0,0.0004420555414129851,0.0775605940154897,0.9853246813879302,0.014675318612069915,5.304380196832444e-15,0.8911823229539679,0.05,0.36958108560068004,0.10871553936480395,0.05,0.01567578534620956,0.8926077587050553,0.05
2025,British Grand Prix,RUS,Mercedes,5.921189464667502e-15,0.11897603761363224,12.0,"ols_team(fe+spline,clustered,track)",0.0,1.3675618998729828,1.0,5.8767100279908115e-15,0.11852832665133876,0.9924880909583953,0.0075119090416047056,5.275713405948717e-15,0.7793588671231597,0.05,0.36922343765825183,0.026038607808552154,0.05,0.021856708500476538,0.7806527491876272,0.05
2025,British Grand Prix,SAI,Williams,9.473903143468002e-15,0.26961414303825065,9.0,"ols_team(fe+spline,clustered,track)",0.8645290661913094,0.8078411528422778,1.0,0.08664585511823818,0.2557467182913227,0.8997768166431364,0.10022318335686359,3.635538272686756e-15,0.4075252433651086,0.05,0.4457722834973894,0.0711635048360181,0.05,0.08096564099725971,0.4332515958220707,0.05
2025,British Grand Prix,TSU,Red Bull Racing,2.1316282072803006e-14,0.3559424255031632,8.0,"ols_team(fe+spline,clustered,track)",1.1013665926433873,0.8191578340718059,1.0,0.17492177963502117,0.3264551942417471,0.8411775145501973,0.1588224854498028,8.113180504895131e-15,0.28297346893229786,0.05,0.48014022423833413,0.0693462465839805,0.05,0.12935319532670886,0.31933987318864127,0.05
2025,British Grand Prix,OCO,Haas F1 Team,2.4868995751603507e-14,0.18908132209726625,8.0,"ols_team(fe+spline,clustered,track)",2.907684628533744,0.24063617700720855,1.0,1.1099461926316105,0.14867509748652588,0.6182714652959778,0.3817285347040222,1.550821228538587e-14,0.583078504157385,0.05,1.7613814429947885,0.4633672522435581,0.05,0.9169468273285748,0.6934400676550538,0.05
2025,British Grand Prix,NOR,McLaren,3.552713678800501e-14,0.1827913982994665,6.0,"ols_team(fe+spline,clustered,track)",0.05387715811602334,0.5931521473797681,1.0,0.004672855751046186,0.17468473465557602,0.9132683327329397,0.08673166726706041,2.442916171363844e-14,0.5994291375527708,0.05,0.29277813750678194,0.12443089355121911,0.05,0.021802166136099813,0.6210041756324636,0.05
2025,British Grand Prix,STR,Aston Martin,4.973799150320701e-14,0.3069976437478106,8.0,"ols_team(fe+spline,clustered,track)",0.0,1.5447735597108119,1.0,4.7848232893037885e-14,0.3011090938686512,0.9620057313724202,0.03799426862757979,2.2657324795850513e-14,0.34662632999779286,0.05,0.4807854840296862,0.020522710558324726,0.05,0.28682724541818017,0.3554501870764424,0.05
2025,British Grand Prix,COL,Alpine,,,,,0.0,12.653275435503245,1.0,0.0,12.653275435503245,0.0,1.0,,,0.05,0.41085867777237683,0.00031219681933366704,0.05,0.14224893915002879,0.00031219681933366704,0.05
2025,British Grand Prix,BOR,Kick Sauber,,,,,0.0,1.482411064452329,1.0,0.0,1.482411064452329,0.0,1.0,,,0.05,0.3864966978821702,0.022246519732545655,0.05,0.12773665045206203,0.022246519732545655,0.05
2025,British Grand Prix,LAW,Racing Bulls,,,,,0.2268604080409915,1.6313598236522966,1.0,0.2268604080409915,1.6313598236522966,0.0,1.0,,,0.05,0.39193635600023957,0.018441100903944112,0.05,0.14218104105773813,0.018441100903944112,0.05
2025,Hungarian Grand Prix,ANT,Mercedes,-0.20485558143028845,0.09041822330808572,65.0,"ols_team(fe+spline,clustered,track)",0.18662542267739468,0.5575041562641304,1.0,-0.1948221255134907,0.08925201630679834,0.9743705165473677,0.02562948345263227,-0.17563227161065112,0.8594689961381867,0.05,0.11219148780084617,0.13857675081971518,0.05,-0.16975064536043555,0.8625757672271401,0.05
2025,Hungarian Grand Prix,COL,Alpine,-0.13717506045386904,0.08547813174552892,63.0,"ols_team(fe+spline,clustered,track)",0.0,0.08727643170505849,1.0,-0.07001530830361018,0.06106803475049339,0.5104084377433593,0.4895915622566405,-0.11993588866369055,0.872501206610694,0.05,0.010474454528514157,0.8677967904371282,0.05,-0.06282649547668005,0.9305908595424877,0.05
2025,Hungarian Grand Prix,HAD,Racing Bulls,-0.06703350360576923,0.06580634769119652,65.0,"ols_team(fe+spline,clustered,track)",0.0,0.10361537954197805,1.0,-0.04776661466263292,0.055549999537829325,0.7125782197444606,0.28742178025553944,-0.061687469137793126,0.9202938062872678,0.05,0.01493354274278616,0.8232329933728021,0.05,-0.04416763341123005,0.941871417472919,0.05
2025,Hungarian Grand Prix,STR,Aston Martin,-0.05468102657433712,0.0432632893122214,66.0,"ols_team(fe+spline,clustered,track)",0.0,0.10377138316838762,1.0,-0.0465840782547414,0.039931898584427694,0.8519239885047114,0.14807601149528862,-0.05272222195997478,0.9639165139793336,0.05,0.006670654367493582,0.8227947049715041,0.05,-0.04497659375629975,0.9690944814343336,0.05
2025,Hungarian Grand Prix,LEC,Ferrari,-0.04868257962740385,0.10029660793342024,65.0,"ols_team(fe+spline,clustered,track)",0.029921026541629203,0.1898758875297259,1.0,-0.031535169602995614,0.08868452570901547,0.7818495758638145,0.21815042413618543,-0.04058054529907028,0.8325090167194097,0.05,0.03325580827857364,0.5810382625493075,0.05,-0.026343186845939906,0.864081006443375,0.05
2025,Hungarian Grand Prix,HUL,Kick Sauber,-0.04725074768066406,0.10432828785588688,64.0,"ols_team(fe+spline,clustered,track)",0.2908679310906592,0.10008077822492822,1.0,0.1288314822500753,0.07222272273007929,0.4792295102695955,0.5207704897304045,-0.03892676046211996,0.8212285389980127,0.05,0.2649440519746367,0.8331089191988338,0.05,0.12473771745872046,0.9055326321375334,0.05
2025,Hungarian Grand Prix,NOR,McLaren,-0.034610632694128785,0.04148881847747261,66.0,"ols_team(fe+spline,clustered,track)",0.0,0.09394552060702241,1.0,-0.028962052315941438,0.03795255032079654,0.8367963848535611,0.1632036151464389,-0.03345101853413687,0.9667192950577609,0.05,0.0021454343575357648,0.8499677570544155,0.05,-0.02809526366722893,0.9719987366790757,0.05
2025,Hungarian Grand Prix,VER,Red Bull Racing,-0.002886493389423077,0.08162890259814781,65.0,"ols_team(fe+spline,clustered,track)",0.0,0.1034268148154579,1.0,-0.001778596962131617,0.06407630315943472,0.6161791219231252,0.38382087807687487,-0.0025389166159931775,0.8824057130964861,0.05,0.03255126876409592,0.8237625032923268,0.05,0.0123210040833997,0.9241158119131488,0.05
2025,Hungarian Grand Prix,SAI,Williams,-0.0005522228422619048,0.08843477165269299,63.0,"ols_team(fe+spline,clustered,track)",0.0,0.1568345516876271,1.0,-0.0004190004767006601,0.07703234767611415,0.7587525263975575,0.24124747360244253,-0.00047858879988170314,0.8647420795328662,0.05,0.06592816461835971,0.6702675530578321,0.05,0.006334921441091115,0.8939109587073384,0.05
2025,Hungarian Grand Prix,OCO,Haas F1 Team,-0.0004069010416666667,0.07856962902833411,66.0,"ols_team(fe+spline,clustered,track)",0.3814950209560522,0.0771493401931238,1.0,0.19402703906587043,0.05504809985987283,0.49087991207151227,0.5091200879284878,-0.00035019008355468564,0.8901043900359905,0.05,0.36056439968013265,0.8936227750383922,0.05,0.18840339144300525,0.9428573158903049,0.05
2025,Hungarian Grand Prix,ALB,Williams,0.0005331039428710938,0.08901670356757353,64.0,"ols_team(fe+spline,clustered,track)",0.44183183221888106,0.13912007297395312,1.0,0.12872403555034065,0.07498115236691867,0.7095143869816624,0.2904856130183376,0.00045910502831914707,0.8632004499463946,0.05,0.3743294862352581,0.7209348479385664,0.05,0.12210542658489945,0.8989220865388104,0.05
2025,Hungarian Grand Prix,BEA,Haas F1 Team,0.0006367076526988636,0.07720948679430947,44.0,"ols_team(fe+spline,clustered,track)",0.0,0.0950461003408942,1.0,0.00038358383128072465,0.0599281370390585,0.6024489098800638,0.39755109011993617,0.0005805085588242541,0.8934745201723117,0.05,0.028269684069611417,0.8469729692313783,0.05,0.0067652973076779005,0.9329858365067619,0.05
2025,Hungarian Grand Prix,TSU,Red Bull Racing,0.0030310846144153227,0.06677551612958117,62.0,"ols_team(fe+spline,clustered,track)",0.3780042620810917,0.0055021198807310165,1.0,0.37547562095036474,0.005483536656154894,0.00674352535776164,0.9932564746422383,0.002788575486570003,0.9181224031438914,0.05,0.37788729435099033,0.9993948999041764,0.05,0.3753605552714216,0.9993989779595415,0.05
2025,Hungarian Grand Prix,PIA,McLaren,0.035083946814903844,0.04246340713616086,65.0,"ols_team(fe+spline,clustered,track)",0.011086892621989364,0.10289124633474439,1.0,0.03159153795492767,0.039252019184754565,0.8544651009286227,0.14553489907137737,0.03387086358958988,0.9651924398270659,0.05,0.0116483042231936,0.8252648758234962,0.05,0.030706749307434708,0.970106723773247,0.05
2025,Hungarian Grand Prix,BOR,Kick Sauber,0.04578746448863636,0.037027921940949865,66.0,"ols_team(fe+spline,clustered,track)",0.0,0.2319815704662198,1.0,0.04464990977003618,0.03656506374563235,0.9751557608331314,0.024844239166868565,0.044547043155850445,0.9733105212087977,0.05,0.07025749047191684,0.48162388608148493,0.05,0.04571369844259873,0.9739563319730865,0.05
2025,Hungarian Grand Prix,HAM,Ferrari,0.04800692471590909,0.0857982370770955,66.0,"ols_team(fe+spline,clustered,track)",0.0,0.1809468290622706,1.0,0.03919475704916361,0.0775247562814193,0.8164396549270068,0.18356034507299313,0.04180633006282894,0.8716672621625412,0.05,0.014989762761194216,0.604289817536624,0.05,0.035704079674869535,0.8926963325956868,0.05
2025,Hungarian Grand Prix,ALO,Aston Martin,0.05385851504197761,0.07569308867505374,67.0,"ols_team(fe+spline,clustered,track)",0.05807832116671818,0.12233668383911364,1.0,0.055026735121071625,0.06436841098518616,0.7231578786890752,0.27684212131092484,0.04828073922179799,0.8971918021150471,0.05,0.0533707907391847,0.7696302166345937,0.05,0.05123127312969239,0.9234754268858701,0.05
2025,Hungarian Grand Prix,LAW,Racing Bulls,0.06711144080528846,0.04018579501386358,65.0,"ols_team(fe+spline,clustered,track)",0.162958799532106,0.1386934950661323,1.0,0.07453484137230044,0.03859823674841922,0.922549763857656,0.07745023614234409,0.06501289236258456,0.9687125582014378,0.05,0.1411553626801697,0.7221688519720828,0.05,0.0727875744892808,0.9710656637016933,0.05
2025,Hungarian Grand Prix,GAS,Alpine,0.13298058143028846,0.07810626238580609,65.0,"ols_team(fe+spline,clustered,track)",0.14941478959140397,0.16779915876252005,1.0,0.13590722152615875,0.07081088896151687,0.8219177907947559,0.17808220920524404,0.11830613768601393,0.8912562520817999,0.05,0.12413011274570733,0.6397415838580769,0.05,0.1265786015083205,0.9088565563707088,0.05
2025,Hungarian Grand Prix,RUS,Mercedes,0.21138896639384921,0.055364558537690844,63.0,"ols_team(fe+spline,clustered,track)",0.0,0.10279932950357691,1.0,0.1638601951805171,0.04874470176780528,0.775159640429014,0.224840359570986,0.19935709540432367,0.9422364872203516,0.05,0.017485671703732844,0.825522485220851,0.05,0.15586487501639618,0.9546348734938692,0.05
2025,Dutch Grand Prix,BEA,Haas F1 Team,-0.3029836018880208,0.05580150077662955,48.0,"ols_team(fe+spline,clustered,track)",0.0,0.22137361533728853,1.0,-0.28488246856180366,0.05410895907852912,0.9402570528126896,0.059742947187310505,-0.28574455767810786,0.9413748018427504,0.05,0.13944894831649246,0.5050184819433329,0.05,-0.26339531030746643,0.944683501124659,0.05
2025,Dutch Grand Prix,HAM,Ferrari,-0.29629371279761907,0.058544034850650906,21.0,"ols_team(fe+spline,clustered,track)",0.0,0.12488655657620606,1.0,-0.24291296897885845,0.05300865485281071,0.8198384187273595,0.1801615812726406,-0.28182249524866726,0.9358493252726691,0.05,0.006795852731390134,0.762234023616615,0.05,-0.2330204948259418,0.9467918598836382,0.05
2025,Dutch Grand Prix,RUS,Mercedes,-0.1782080078125,0.04484916992788046,50.0,"ols_team(fe+spline,clustered,track)",0.01725844255143727,0.05728967005128601,1.0,-0.10393454540714336,0.035314823725498545,0.6200193830344413,0.3799806169655588,-0.17145961279608277,0.9613268209424116,0.05,0.01691641107905692,0.9384013410348464,0.05,-0.10178778392726862,0.9756642643228178,0.05
2025,Dutch Grand Prix,COL,Alpine,-0.14554578993055556,0.07992595602395376,45.0,"ols_team(fe+spline,clustered,track)",0.37545744695584915,0.0834384788400901,1.0,0.103758837411309,0.05771800838274211,0.5214912121626205,0.4785087878373794,-0.13002559505304517,0.8867109935427003,0.05,0.3508963799828865,0.8777784799341032,0.05,0.10395063870105513,0.9375345395048206,0.05
2025,Dutch Grand Prix,BOR,Kick Sauber,-0.07258768284574468,0.09958658429213342,47.0,"ols_team(fe+spline,clustered,track)",0.10565315418905641,0.026517021391034845,1.0,0.0938525024180824,0.02562419482813977,0.06620621832397451,0.9337937816760256,-0.061065473306212995,0.8344809146724853,0.05,0.10496584725924757,0.9861319781937788,0.05,0.09346484590821491,0.9870382266303236,0.05
2025,Dutch Grand Prix,NOR,McLaren,-0.051767777423469385,0.06619069986177958,49.0,"ols_team(fe+spline,clustered,track)",0.0,0.12034513676458873,1.0,-0.03974469073351031,0.05799716623543669,0.7677496062539416,0.23225039374605827,-0.047798694558763094,0.9194352452061332,0.05,0.007591348991181846,0.7753987448385569,0.05,-0.03689891828107471,0.9369670187611944,0.05
2025,Dutch Grand Prix,SAI,Williams,-0.021662394205729168,0.08481948150368239,48.0,"ols_team(fe+spline,clustered,track)",0.062010931857273015,0.0798955194893933,1.0,0.022673351614102697,0.05815752523938176,0.4701328618579226,0.5298671381420774,-0.01908575972317805,0.8742123104535348,0.05,0.05917942999375401,0.8867874936399343,0.05,0.022525687073574305,0.9366400869756838,0.05
2025,Dutch Grand Prix,VER,Red Bull Racing,-0.01954064002403846,0.06855088612968178,52.0,"ols_team(fe+spline,clustered,track)",0.0,0.07013486321372782,1.0,-0.009993471194406413,0.04902322336112934,0.5114198502256153,0.48858014977438463,-0.01784475427738751,0.914089750339137,0.05,0.0290402646849674,0.9104334004473754,0.05,0.0001369091156308011,0.9541388135914672,0.05
2025,Dutch Grand Prix,HAD,Racing Bulls,-0.016384548611111112,0.049678093099197226,54.0,"ols_team(fe+spline,clustered,track)",0.0,0.06773902479126102,1.0,-0.010654270735719031,0.04005987046458086,0.6502633053005734,0.34973669469942664,-0.015523749489228359,0.9529633866496993,0.05,0.0014643807423969993,0.9159425678477381,0.05,-0.010153014675917647,0.9689022448991023,0.05
2025,Dutch Grand Prix,ALO,Aston Martin,-0.010856466090425532,0.08981030333412847,47.0,"ols_team(fe+spline,clustered,track)",0.0,0.15431103462230797,1.0,-0.00810950406335657,0.07762097095414751,0.7469745675812919,0.2530254324187082,-0.009460000976126303,0.8610907280727005,0.05,0.010346077223396498,0.6773975891668446,0.05,-0.006804120053811764,0.8924584827387607,0.05
2025,Dutch Grand Prix,STR,Aston Martin,0.01062271442819149,0.08736761535487282,47.0,"ols_team(fe+spline,clustered,track)",,,,0.01062271442819149,0.08736761535487282,1.0,0.0,0.009109406625299275,0.867557008305756,0.05,,,0.05,0.009749411913071809,0.867557008305756,0.05
2025,Dutch Grand Prix,ALB,Williams,0.02013221153846154,0.051772614288554966,52.0,"ols_team(fe+spline,clustered,track)",0.0,0.11325919521167847,1.0,0.016652569936244307,0.047086345619925404,0.8271604887734485,0.17283951122655153,0.01904791772184035,0.9491195319777984,0.05,0.007554450909771939,0.7958280110810123,0.05,0.01680925536946032,0.9575402899205316,0.05
2025,Dutch Grand Prix,TSU,Red Bull Racing,0.02084163743622449,0.06746656032299242,49.0,"ols_team(fe+spline,clustered,track)",0.6650737738427495,0.04970013919897076,1.0,0.4384493938941352,0.04001480370698303,0.3517744104053964,0.6482255895946035,0.01911928548422622,0.9165611026888147,0.05,0.6490281197084619,0.952923595423045,0.05,0.4313884991331127,0.9689700046474523,0.05
2025,Dutch Grand Prix,LAW,Racing Bulls,0.021222795758928572,0.07941787746541806,42.0,"ols_team(fe+spline,clustered,track)",0.009561796510766385,0.16200223138526962,1.0,0.018963382464959024,0.07131008476054806,0.8062418798006836,0.19375812019931643,0.019060170588217757,0.8879859175402435,0.05,0.012267133662198944,0.6557830896333284,0.05,0.017717242184020356,0.9076860060822562,0.05
2025,Dutch Grand Prix,PIA,McLaren,0.047331633391203706,0.06064116661550596,54.0,"ols_team(fe+spline,clustered,track)",0.05064177826207584,0.10658544830878208,1.0,0.0481410973856832,0.05270759296354275,0.7554596472189392,0.2445403527810609,0.04391760731827762,0.9314915692760756,0.05,0.04752349834182953,0.814857023559947,0.05,0.04589146643244583,0.9473628102632908,0.05
2025,Dutch Grand Prix,HUL,Kick Sauber,0.0681591796875,0.11501735136003093,50.0,"ols_team(fe+spline,clustered,track)",0.0,0.1198978043704284,1.0,0.03549501218346208,0.08300129142953526,0.5207664227504144,0.47923357724958565,0.05327621449673722,0.7907764953887829,0.05,0.012525857903892205,0.7766931957187355,0.05,0.038940250018776726,0.8789012213619657,0.05
2025,Dutch Grand Prix,GAS,Alpine,0.12854721966911764,0.06013657990804203,51.0,"ols_team(fe+spline,clustered,track)",0.0,0.16812748274557315,1.0,0.11396655119846606,0.056623418381839805,0.8865734435316266,0.11342655646837349,0.1193001058970538,0.9325503449122589,0.05,0.06302316966505975,0.6388400671514787,0.05,0.11353646305231153,0.9397399021975511,0.05
2025,Dutch Grand Prix,LEC,Ferrari,0.15158750952743902,0.04403262083996686,41.0,"ols_team(fe+spline,clustered,track)",0.04191199998025752,0.07705073583888752,1.0,0.12458710620236507,0.03823024542139078,0.7538155652383034,0.24618443476169657,0.14328909526165007,0.9626701228839056,0.05,0.040497240927453784,0.8938656804377806,0.05,0.11943008717107209,0.9715991528103421,0.05
2025,Dutch Grand Prix,ANT,Mercedes,0.17121769831730768,0.07310886853056943,52.0,"ols_team(fe+spline,clustered,track)",0.0,0.061103665027919654,1.0,0.0704151307003512,0.04688443969271059,0.4112608182003181,0.5887391817996819,0.15432414919287096,0.9034255005457694,0.05,0.0008133763501459532,0.9305154715468434,0.05,0.06678782992967473,0.9578883417048244,0.05
2025,Dutch Grand Prix,OCO,Haas F1 Team,0.28518018535539214,0.07405554630603253,51.0,"ols_team(fe+spline,clustered,track)",0.660678400740565,0.06575355877680096,1.0,0.4951483606744014,0.04916907764535674,0.4408277677068818,0.5591722322931182,0.25610962700328077,0.9011570578197959,0.05,0.6305180978058995,0.9204114597731141,0.05,0.4770874698043358,0.9538781195690731,0.05
